Client name,Contact no,Package Details,Package Validity,Trainer Name,Representative,Source,Status,Created On,Last Followup On,Next Followup On,Pending Payment,Client ID,Membership ID
PEE KAY,8610493430,PEEKAY BPO SERVICES - 7 members,27-09-2026,Ajay,Admin,,ACTIVE,20-08-2026,,,0,1,MBR00032
Sivatharsana A,9600273391,Monthly pack,24-12-2023,,,,EXPIRED,24-11-2023,,,0,2,MBR00001
Raja Ganapathy C,9080440420,"Yearly pack
 Personal Training Monthly","28-11-2024
 17-01-2025",Madhan,,,EXPIRED,"29-11-2023
 18-12-2024",,,"0.00
 0.00",3,MBR00002
Marimuthu alias manikandan R,9659638909,Yearly pack,18-12-2025,Sankar Raj,,,EXPIRED,18-12-2024,,,0,4,MBR00003
Kumar M,6383173201,Student monthly pack,31-12-2023,,,,EXPIRED,01-12-2023,,,0,5,MBR00004
Kamalesh L,9080132006,Student monthly pack,31-12-2023,,,,EXPIRED,01-12-2023,,,0,6,MBR00005
Raja Pandiyan,9363259235,"3 months Pack
 Personal Training Monthly","01-07-2025
 02-05-2025","Kamesh
 Ajay",Admin,,EXPIRED,"02-04-2025
 02-04-2025",,,"0.00
 0.00",7,MBR00006
Mari Selvam,7339334078,Student monthly pack,31-12-2023,,,,EXPIRED,01-12-2023,,,0,8,MBR00007
Dhana Sekaran,9500911777,Yearly pack,17-09-2026,Kamesh,,,ACTIVE,13-03-2026,,,0,9,MBR00008
Kompaiah S,8825513957,Monthly pack,31-12-2023,,,,EXPIRED,01-12-2023,,,0,10,MBR00009
Rameshkrishnan R,9194400000,Yearly pack,02-12-2024,,,,EXPIRED,03-12-2023,,,5999,11,MBR00012
Selwin Raja,8525062579,"Monthly pack
 Personal Training Monthly","03-01-2024
 03-01-2024",,,,EXPIRED,"04-12-2023
 04-12-2023",,,"0.00
 0.00",12,MBR00010
Balaji V,9994596886,Monthly pack,03-01-2024,,,,EXPIRED,04-12-2023,,,0,13,MBR00013
Chinna Muthu,9940987555,3 months pack,03-03-2024,,,,EXPIRED,04-12-2023,,,2999,14,MBR00014
Rajeshkumar PM,8220573667,"Yearly pack
 Personal Training Monthly","03-12-2024
 05-05-2025",Madhan,Admin,,EXPIRED,"04-12-2023
 10-04-2025",,,"0.00
 0.00",15,MBR00015
Seeni Vasan,8508662967,Student monthly pack,02-01-2025,Kamesh,Admin,,EXPIRED,03-12-2024,,,0,16,MBR00023
Narayanasamy R,9597312435,Yearly pack,04-12-2024,Sankar Raj,,,EXPIRED,05-12-2023,,,0,17,MBR00019
Samykannan R,6369309839,Student monthly pack,04-01-2024,,,,EXPIRED,05-12-2023,,,499,18,MBR00020
Sanmugaraj T,6380614410,Yearly pack,04-12-2024,,,,EXPIRED,05-12-2023,,,5999,19,MBR00022
Pandiaraj S,9080487470,Student monthly pack,05-01-2024,,,,EXPIRED,06-12-2023,,,0,20,MBR00017
Thangamariyappan M,9888110202,Yearly pack,05-12-2024,,,,EXPIRED,06-12-2023,,,0,21,MBR00021
Prakash Pandiyaraj,9655535655,Yearly pack,06-12-2024,,,,EXPIRED,07-12-2023,,,0,22,MBR00018
Sugith Ragav,8190969176,Yearly pack,04-12-2026,Ajay,,,ACTIVE,04-12-2025,,,0,23,MBR00024
Ramesh Kumar,9842258508,Yearly pack,06-12-2024,,,,EXPIRED,07-12-2023,,,0,24,MBR00025
Karthick Raja,9629611699,Monthly pack,06-01-2024,,,,EXPIRED,07-12-2023,,,0,25,MBR00026
Gopi Nath,9894232853,Yearly pack,27-12-2026,Madhan,Admin,,ACTIVE,27-12-2024,,,0,26,MBR00027
Karpagamoorthy M,7904363912,Student yearly pack,10-12-2024,,,,EXPIRED,11-12-2023,,,5999,27,MBR00033
Vivek VR,8870963894,Monthly pack,10-01-2024,,,,EXPIRED,11-12-2023,,,1,28,MBR00034
Mareeswaran S,8667738681,Yearly pack,11-12-2024,,,,EXPIRED,12-12-2023,,,5000,29,MBR00055
Muthu Karthick,7373344541,Yearly pack,12-12-2024,,,,EXPIRED,13-12-2023,,,4999,30,MBR00028
Shiva VR,8610555698,Yearly pack,31-12-2024,Ezhil,,,EXPIRED,25-01-2025,,,0,31,MBR00029
Sathyamoorthy G,9500720019,Monthly pack,26-03-2025,Madhan,Admin,,EXPIRED,23-02-2025,,,0,32,MBR00030
Aishwarya R,9791913136,Monthly pack,12-01-2024,,,,EXPIRED,13-12-2023,,,1,33,MBR00031
Gopi Krishnan K,9080148941,Yearly pack,13-12-2024,,,,EXPIRED,14-12-2023,,,7999,34,MBR00035
Antonyraj C,9944788047,Yearly pack,13-12-2024,,,,EXPIRED,14-12-2023,,,7999,35,MBR00036
Senthil Murugan M,9677397837,Yearly pack,15-12-2024,,,,EXPIRED,16-12-2023,,,8999,36,MBR00037
Narendra Kumar V,8110021160,3 months pack,18-03-2024,,,,EXPIRED,19-12-2023,,,0,37,MBR00064
Santhosh Kumar,9150531595,Student monthly pack,19-01-2024,,,,EXPIRED,20-12-2023,,,1,38,MBR00043
Vignesh Muruganantham,9952307406,Monthly pack,20-01-2024,,,,EXPIRED,21-12-2023,,,0,39,MBR00038
Nagalingan Nagarjan,7708830587,Yearly pack,14-03-2027,Kamesh,Admin,,ACTIVE,14-03-2026,,,0,40,MBR00039
Venkateswararao Uppalapatti,9666108459,Yearly pack,21-12-2024,,,,EXPIRED,22-12-2023,,,0,41,MBR00041
Sampathkumar R,9443146077,Yearly pack,21-12-2024,,,,EXPIRED,22-12-2023,,,0,42,MBR00042
Kartheeswaran M,8682907127,Yearly pack,22-12-2024,,,,EXPIRED,23-12-2023,,,0,43,MBR00046
Yuvasithan c h,9566916637,Yearly pack,02-12-2025,Kamesh,Admin,,EXPIRED,02-12-2024,,,0,44,MBR00040
Kannan Kannan,7092690595,Monthly pack,24-01-2024,,,,EXPIRED,25-12-2023,,,0,45,MBR00045
Gowtham NR,9789111110,Monthly pack,26-01-2024,,,,EXPIRED,27-12-2023,,,1,46,MBR00044
Selva Ganesh R,9629518653,"Yearly pack
 Personal Training Monthly","02-01-2026
 31-07-2024",Madhan,,,EXPIRED,"02-01-2025
 01-07-2024",,,"0.00
 0.00",47,MBR00047
Parthiban A,9486351001,Yearly pack,01-01-2026,Ezhil,Admin,,EXPIRED,31-12-2024,,,0,48,MBR00016
Hariharan Y,9597062554,Student Monthly,31-12-2024,Ezhil,,,EXPIRED,02-11-2024,,,0,49,MBR00056
Thanga Mani,9566788084,Monthly pack,01-02-2024,,,,EXPIRED,02-01-2024,,,1,50,MBR00048
Goli Naresh,9986315989,Yearly pack,03-01-2025,,,,EXPIRED,04-01-2024,,,0,51,MBR00049
Saranya Sankaramoorthy,9944387950,Monthly pack,03-02-2024,,,,INACTIVE,04-01-2024,,,0,52,MBR00053
Libin Nal Dev J,7904244781,3 months pack,03-04-2024,,,,EXPIRED,04-01-2024,,,0,53,MBR00057
Kaliappan A,9025008941,Yearly pack,04-01-2026,Kamesh,,,EXPIRED,08-01-2025,,,0,54,MBR00050
Karthik Kumar R,9566540791,Yearly pack,01-01-2027,Ajay,Admin,,ACTIVE,27-07-2026,,,0,55,MBR00051
Ramachandran R,9965076255,Yearly pack,26-01-2027,Krishnaveni,,,ACTIVE,26-01-2026,,,0,56,MBR00052
Jeyakumar K,9486715584,6 months pack,04-07-2024,,,,EXPIRED,06-01-2024,,,0,57,MBR00054
Sethupraveen Dhanasethu,9600206700,"Yearly pack
 2,Month PT","04-02-2026
 01-02-2026","Kamesh
 Ajay",Admin,,EXPIRED,"04-02-2025
 04-12-2025",,,"0.00
 0.00",58,MBR00096
Gadiparthi Suneel Kumar,7204083088,3 months pack,13-04-2024,,,,EXPIRED,14-01-2024,,,3000,59,MBR00065
Sree Varshan G,8667808073,"Yearly pack
 Personal Training Monthly","16-01-2026
 06-03-2025","Kamesh
 Kamesh",Admin,,EXPIRED,"04-02-2025
 04-02-2025",,,"0.00
 0.00",60,MBR00058
Aswin Nishan Kumar G,8903182351,Yearly pack,16-01-2025,,,,EXPIRED,17-01-2024,,,6000,61,MBR00059
Antony Raj T,9003729107,Yearly pack,16-01-2025,,,,EXPIRED,17-01-2024,,,6000,62,MBR00060
Manihandan A,9698063343,Yearly pack,16-01-2025,,,,EXPIRED,17-01-2024,,,6000,63,MBR00061
Liyandar Anthuvan,9095357903,Monthly pack,15-01-2025,Sankar Raj,,,EXPIRED,16-12-2024,,,0,64,MBR00071
Sutharsan P,9342965029,Student monthly pack,18-02-2024,,,,EXPIRED,19-01-2024,,,0,65,MBR00095
Amulraj R,6382095505,Yearly pack,21-01-2025,,,,EXPIRED,22-01-2024,,,0,66,MBR00062
Subra Maniyan,8754939266,3 months pack,24-04-2024,,,,EXPIRED,25-01-2024,,,0,67,MBR00011
JAYACHITRA S,7448767448,Monthly pack,24-02-2024,,,,EXPIRED,25-01-2024,,,0,68,MBR00117
Adlin L,9385420198,Yearly pack,29-12-2026,Kamesh,Admin,,ACTIVE,30-12-2025,,,5000,69,MBR00063
Shiju V,9444992136,Yearly pack,23-01-2027,Kamesh,,,ACTIVE,24-01-2026,,,5000,70,MBR00066
Kamatchi Rajan K,6381648288,Monthly pack,28-02-2024,,,,EXPIRED,29-01-2024,,,0,71,MBR00067
Kavibarathi S,6382830058,Monthly pack,29-02-2024,,,,EXPIRED,30-01-2024,,,0,72,MBR00069
Devadharshini S,7448493394,3 months pack,30-04-2024,,,,EXPIRED,31-01-2024,,,0,73,MBR00068
Abishek M,7558107702,Student monthly pack,01-03-2024,,,,EXPIRED,31-01-2024,,,0,74,MBR00070
Punitha Subburaj,9894845753,Yearly pack,03-03-2027,,,,ACTIVE,13-07-2026,,,0,75,MBR00079
Saranya M,8778236549,Yearly pack,30-01-2025,,,,EXPIRED,31-01-2024,,,3000,76,MBR00094
Ramkumar K,8056849570,Yearly pack,31-01-2025,,,,EXPIRED,01-02-2024,,,6000,77,MBR00075
Mahendran Krishnamoorthy,7373772207,Yearly pack,31-01-2025,,,,EXPIRED,01-02-2024,,,6000,78,MBR00076
Alaguvel A,9629197568,Yearly pack,01-02-2025,,,,EXPIRED,02-02-2024,,,5000,79,MBR00093
Sankilimurugan K,7010222532,Yearly pack,05-01-2027,Kamesh,,,ACTIVE,06-01-2026,,,5000,80,MBR00097
Muthupandiyan R,7598388339,Monthly pack,06-03-2024,,,,EXPIRED,05-02-2024,,,0,81,MBR00077
Sreedhar K T,6238025204,Monthly pack,09-04-2025,Madhan,,,EXPIRED,20-03-2025,,,0,82,MBR00092
Selva Prasath Selvakani,8903328919,Yearly pack,06-02-2025,,,,EXPIRED,07-02-2024,,,0,83,MBR00074
Suryanarayanan R,8807537872,Yearly pack,09-02-2025,,,,EXPIRED,10-02-2024,,,0,84,MBR00078
Balasubramaniyan M,9345248355,Student Monthly,09-03-2025,,,,EXPIRED,06-02-2026,,,0,85,MBR00087
Sathiskumar S,6383796128,Student monthly pack,11-03-2024,,,,EXPIRED,10-02-2024,,,0,86,MBR00099
Hamesh V,7010672174,Student monthly pack,11-03-2024,,,,EXPIRED,10-02-2024,,,0,87,MBR00107
Hamshiga B N K,9790049482,Yearly pack,24-10-2026,Kamesh,,,ACTIVE,24-10-2025,,,0,88,MBR00090
Shanmathi A,9715641212,Yearly pack,05-02-2026,Sankar Raj,,,EXPIRED,05-02-2025,,,0,89,MBR00091
Sunil Kumar M,9003993236,3 months pack,13-05-2024,,,,EXPIRED,13-02-2024,,,0,90,MBR00082
Deepa alice chennammal,9443331025,"Yearly pack
 Personal Training Monthly","04-12-2026
 28-05-2025","Kamesh
 Sankar Raj",Admin,,ACTIVE,"04-12-2025
 28-04-2025",,,"0.00
 0.00",91,MBR00089
Raveendran R,9995596147,Monthly pack,18-11-2024,Ajay,Admin,,EXPIRED,19-10-2024,,,0,92,MBR00081
Prithvi Rajan R,8682829615,Monthly pack,16-03-2024,,,,EXPIRED,15-02-2024,,,0,93,MBR00073
Karuppasamy M,8838954970,Monthly pack,16-03-2024,,,,EXPIRED,15-02-2024,,,0,94,MBR00083
Mukesh Khurana,9367410222,Yearly pack,14-02-2025,,,,EXPIRED,15-02-2024,,,0,95,MBR00105
Krishnamoorthi Nalasivan,7373004444,Yearly pack,25-08-2026,Kamesh,Admin,,EXPIRED,25-08-2025,,,0,96,MBR00080
Vishnuvardhan K,9361606573,Student monthly pack,20-03-2024,,,,EXPIRED,19-02-2024,,,0,97,MBR00084
Karthick Raja K,9597839783,Monthly pack,20-03-2024,,,,EXPIRED,19-02-2024,,,0,98,MBR00085
Sivaganesh M,8610648979,friendship pack,18-02-2026,,,,EXPIRED,18-03-2025,,,7000,99,MBR00086
Sudalai Sugan M,9342634969,Student monthly pack,23-03-2024,,,,EXPIRED,22-02-2024,,,0,100,MBR00098
Muthukumar Pandikesavan,9578954557,Yearly pack,22-02-2025,,,,EXPIRED,23-02-2024,,,0,101,MBR00088
Manibharathi M,8189828957,Monthly pack,24-03-2024,,,,EXPIRED,23-02-2024,,,0,102,MBR00116
KamalKumar G,6380152292,Yearly pack,26-02-2025,,,,EXPIRED,27-02-2024,,,7000,103,MBR00102
Shunmugam A,7339513949,Monthly pack,28-03-2024,,,,EXPIRED,27-02-2024,,,0,104,MBR00103
Lokeshwaran N,6369205077,3 months pack,29-05-2024,,,,EXPIRED,29-02-2024,,,0,105,MBR00108
Dana Vignesh Kumar A,9940209126,"Monthly pack
 Personal Training Monthly","23-03-2025
 23-03-2025","Kamesh
 Ajay",Admin,,EXPIRED,"21-02-2025
 21-02-2025",,,"0.00
 0.00",106,MBR00109
Saravanan C,9486250524,Monthly pack,30-03-2024,,,,EXPIRED,29-02-2024,,,0,107,MBR00110
Manihanda Prabhu Selvaraj,9047979357,Monthly pack,07-03-2025,Kamesh,Admin,,EXPIRED,05-02-2025,,,0,108,MBR00104
Satheesh R,8825816055,90 Days Challenge,30-05-2024,,,,EXPIRED,01-03-2024,,,0,109,MBR00100
GANESH BABU,8148786500,Yearly pack,01-03-2025,,,,EXPIRED,01-03-2024,,,5000,110,MBR00129
Ananth Ananthappan,9842448429,90 Days Challenge,30-05-2024,,,,EXPIRED,01-03-2024,,,8000,111,MBR00101
Ravikumar Jeganathan,9894909150,90 Days Challenge,30-05-2024,,,,EXPIRED,01-03-2024,,,13000,112,MBR00111
Ganesaperumal S,8667694161,90 Days Challenge,30-05-2024,,,,EXPIRED,01-03-2024,,,10000,113,MBR00112
Senthilkumar D,9171434242,Yearly pack,30-05-2025,Ajay,Admin,,EXPIRED,12-08-2025,,,7000,114,MBR00113
Manikandan S,6381226974,90 Days Challenge,30-05-2024,,,,EXPIRED,01-03-2024,,,10000,115,MBR00119
Krishnakumar P,9787421792,Yearly pack,23-08-2026,,,,EXPIRED,25-08-2025,,,5500,116,MBR00120
THIYAGARAJAN T,9629675219,Yearly pack,01-03-2026,Madhan,,,EXPIRED,19-03-2025,,,7000,117,MBR00130
RAJMOHAN N,8610614133,Yearly pack,02-03-2025,,,,EXPIRED,02-03-2024,,,7000,118,MBR00118
Dhanalakshmi S,9942607211,Student monthly pack,01-04-2024,,,,EXPIRED,02-03-2024,,,0,119,MBR00121
Gunalan S,7708774770,Yearly pack,03-11-2026,,,,ACTIVE,03-11-2025,,,0,120,MBR00115
SURESH N,9629560824,Yearly pack,05-03-2025,,,,EXPIRED,05-03-2024,,,2000,121,MBR00122
PONKUMAR M,7339578482,Monthly pack,04-04-2024,,,,EXPIRED,05-03-2024,,,0,122,MBR00124
RAM SUDARSHAN R,9786617908,3 months pack,05-06-2024,,,,EXPIRED,07-03-2024,,,0,123,MBR00125
JEEVAGURU K,7373747510,Student Monthly,29-01-2026,Kamesh,Admin,,EXPIRED,31-12-2025,,,0,124,MBR00164
ANANTHA JOTHI K,6374778553,Yearly pack,13-03-2025,,,,EXPIRED,13-03-2024,,,7000,125,MBR00131
MARIKANNAN K,9384581754,Monthly pack,13-04-2024,,,,EXPIRED,14-03-2024,,,0,126,MBR00128
MARIKANNAN VIJAYAPANDIYAN,9500529182,Monthly pack,14-04-2024,,,,EXPIRED,15-03-2024,,,0,127,MBR00133
VENKATESH PRABHU R,6369058225,3 months pack,14-06-2024,,,,EXPIRED,16-03-2024,,,0,128,MBR00134
CHANACKIAH V,8610556929,Monthly pack,16-04-2024,,,,EXPIRED,17-03-2024,,,0,129,MBR00135
AKASHSASI NALLAIYA,6379289584,Student monthly pack,17-04-2024,,,,EXPIRED,18-03-2024,,,0,130,MBR00139
ESAKKIMUTHU GANESAN,9994543014,Monthly pack,18-05-2024,Madhan,,,EXPIRED,12-08-2026,,,0,131,MBR00123
MARIAMMAL PALANI,9342307209,Student 3 months package,19-06-2024,,,,EXPIRED,21-03-2024,,,3000,132,MBR00140
SOWMYANARAYANAGOPAL S,8220944392,Student monthly pack,20-04-2024,,,,EXPIRED,21-03-2024,,,0,133,MBR00141
ABINAYA MAHARANI A,7339005416,Student 3 months package,19-06-2024,,,,EXPIRED,21-03-2024,,,2000,134,MBR00142
SUDHARSAN J,9443737843,Student monthly pack,20-04-2024,,,,EXPIRED,21-03-2024,,,0,135,MBR00143
HARI SANJAY S,9942027166,Student monthly pack,20-04-2024,,,,EXPIRED,21-03-2024,,,0,136,MBR00145
ADITYA A,6374975451,Student monthly pack,21-04-2024,,,,EXPIRED,22-03-2024,,,0,137,MBR00144
BOOPATHI SANKAR M,8870080058,Yearly pack,22-03-2025,,,,EXPIRED,22-03-2024,,,0,138,MBR00146
ARUN KUMAR P,9944494861,Monthly pack,21-04-2024,,,,EXPIRED,22-03-2024,,,0,139,MBR00147
SARAVANAN S,7200752349,Yearly pack,22-03-2025,,,,EXPIRED,22-03-2024,,,0,140,MBR00150
SELVAMANIKANDAN S,9566537780,Monthly pack,21-04-2024,,,,EXPIRED,22-03-2024,,,0,141,MBR00151
RITESH S,8838370013,Student monthly pack,24-04-2024,,,,EXPIRED,25-03-2024,,,0,142,MBR00152
SANJAY KUMAAR,9345513549,3 months pack,01-07-2024,Sankar Raj,,,EXPIRED,02-10-2024,,,0,143,MBR00148
SIVAKUMAR KANAGARAJ,8944026061,Monthly pack,24-04-2024,,,,EXPIRED,25-03-2024,,,0,144,MBR00149
KARPOORARAJ V,9655083083,Monthly pack,26-04-2024,,,,EXPIRED,27-03-2024,,,0,145,MBR00127
SETHU SUDHARSAN R,6382010533,Monthly pack,26-04-2024,,,,EXPIRED,27-03-2024,,,0,146,MBR00153
ASHOKKUMAR M,9361038303,Yearly pack,27-03-2025,,,,EXPIRED,27-03-2024,,,5000,147,MBR00154
SELVAGANESH M,6379383535,Student monthly pack,26-04-2024,,,,EXPIRED,27-03-2024,,,0,148,MBR00157
RAMASAMY V,9514423482,Yearly pack,29-03-2025,,,,EXPIRED,29-03-2024,,,5000,149,MBR00155
VIJAYAKUMAR S,9025163814,Yearly pack,29-03-2025,,,,EXPIRED,29-03-2024,,,0,150,MBR00161
RAJA M,9791566651,Student 3 months package,28-06-2024,,,,EXPIRED,30-03-2024,,,0,151,MBR00156
Shyam S,9840852723,Student monthly pack,01-05-2024,,,,EXPIRED,01-04-2024,,,0,152,MBR00072
YUTHIN AADHITHYA V,6381694536,Student monthly pack,01-05-2024,,,,EXPIRED,01-04-2024,,,0,153,MBR00158
Malaiyarasan U,9123569498,90 Days Challenge,30-06-2024,Kamesh,,,EXPIRED,01-04-2024,,,0,154,MBR00114
PARVEEN KUMAR G,9344056485,Student monthly pack,01-05-2024,,,,EXPIRED,01-04-2024,,,0,155,MBR00159
MARUTHANAYAGAM S,9600785599,Student monthly pack,01-05-2024,,,,EXPIRED,01-04-2024,,,0,156,MBR00160
NIVESH KUMAR P,9994076460,Monthly pack,02-05-2024,,,,EXPIRED,02-04-2024,,,0,157,MBR00162
RAMA PRASANNA V,8680976556,Student monthly pack,03-05-2024,,,,EXPIRED,03-04-2024,,,0,158,MBR00163
GOUTHAM MAHALINGAM M,7538839705,Monthly pack,03-05-2024,,,,EXPIRED,03-04-2024,,,0,159,MBR00168
KALIMUTHU GURUSAMY,9087582758,Monthly pack,04-05-2024,,,,EXPIRED,04-04-2024,,,0,160,MBR00165
VENKADESH M,9597718388,Monthly pack,06-04-2025,Ezhil,Admin,,EXPIRED,08-03-2025,,,0,161,MBR00197
AADHITHYAA P,9442428318,Student monthly pack,04-05-2024,,,,EXPIRED,04-04-2024,,,0,162,MBR00166
KAVIYA M,9566573655,Student monthly pack,04-05-2024,,,,EXPIRED,04-04-2024,,,0,163,MBR00167
NIRANJAN R,9361977927,Student Monthly,07-06-2024,,,,EXPIRED,11-05-2026,,,0,164,MBR00169
SARANYA T,8220310205,Monthly pack,06-05-2024,,,,EXPIRED,06-04-2024,,,0,165,MBR00170
NAREN E,9952877300,Student monthly pack,06-05-2024,,,,EXPIRED,06-04-2024,,,0,166,MBR00172
SASTHAKUMAR S,9345134018,Student monthly pack,24-10-2024,Sankar Raj,,,EXPIRED,24-09-2024,,,0,167,MBR00171
SUKEENDRAN D,7708711927,Student monthly pack,08-05-2024,,,,EXPIRED,08-04-2024,,,0,168,MBR00173
NANDHINI V,9944397756,3 months pack,07-07-2024,,,,EXPIRED,08-04-2024,,,0,169,MBR00174
PONSURESH S,8144204762,Yearly pack,09-04-2025,,,,EXPIRED,09-04-2024,,,1000,170,MBR00136
GAJENDRAN P,9894192019,Yearly pack,09-04-2025,,,,EXPIRED,09-04-2024,,,1000,171,MBR00137
VISHAL RAKESH VIJAYAGURUNATHAN,9751418147,Student monthly pack,10-05-2024,,,,EXPIRED,10-04-2024,,,0,172,MBR00176
JAI AKASH S,6381862732,Student monthly pack,10-05-2024,,,,EXPIRED,10-04-2024,,,0,173,MBR00179
Karuppasamy Mathiyalagan,8778143536,Yearly pack,11-04-2025,,,,EXPIRED,11-04-2024,,,0,174,MBR00106
NITHIYANANTHAM A,8870919666,Yearly pack,26-05-2027,Sankar Raj,,,ACTIVE,29-05-2026,,,0,175,MBR00132
SURYA T,8925156177,Student monthly pack,15-05-2024,,,,EXPIRED,15-04-2024,,,0,176,MBR00178
SHIVASHREE R S,9944938007,Student monthly pack,17-05-2024,,,,EXPIRED,17-04-2024,,,0,177,MBR00185
AJITHA KANNIKA G,9003836154,Yearly pack,26-09-2026,Kamesh,,,ACTIVE,27-10-2025,,,0,178,MBR00181
SANGILIMOHANRAJ E,9566954550,Yearly pack,11-03-2026,Kamesh,Admin,,EXPIRED,11-03-2025,,,5000,179,MBR00187
PRIYA DHARSHINI S,9025683323,Monthly pack,22-05-2024,,,,EXPIRED,22-04-2024,,,0,180,MBR00180
VINOTH PRABHAKARAN MR RAJU,8903022174,Monthly pack,22-05-2024,,,,EXPIRED,22-04-2024,,,0,181,MBR00186
GURUSAMY PANDIAN K,9677000365,6 months pack,21-10-2024,,,,EXPIRED,24-04-2024,,,0,182,MBR00182
BALA SUNDAR R A,9740251080,Student Monthly,02-10-2025,Kamesh,,,EXPIRED,04-09-2025,,,0,183,MBR00188
GURU LAKSHMI Y,9940919169,Monthly pack,03-12-2025,Madhan,,,EXPIRED,03-11-2025,,,0,184,MBR00183
SELVAHEMA M,9176700888,3 months Pack,16-12-2025,Sankar Raj,,,EXPIRED,17-09-2025,,,0,185,MBR00190
NAGALAKSHMI B,7397575274,Monthly pack,26-05-2024,,,,EXPIRED,26-04-2024,,,0,186,MBR00189
GANESH M,9150531347,Student monthly pack,30-05-2024,,,,EXPIRED,30-04-2024,,,0,187,MBR00191
VASANTHAKUMAR SEIVIN DURAI,7708544373,Monthly pack,30-05-2024,,,,EXPIRED,30-04-2024,,,0,188,MBR00198
SARAVANAN S,8122979993,3 months pack,30-07-2024,,,,EXPIRED,01-05-2024,,,0,189,MBR00138
SUBASH CHENDUR VELU G,9080478260,Monthly pack,31-05-2024,,,,EXPIRED,01-05-2024,,,0,190,MBR00193
PANDIARAJ MARIAPPAN,8012623909,Yearly pack,01-06-2026,Ajay,,,EXPIRED,11-08-2026,,,0,191,MBR00192
MATHESH KUMAR K,8610379615,Student monthly pack,02-06-2024,,,,EXPIRED,03-05-2024,,,0,192,MBR00194
PRASATH ALAGIRISAMY A,9843079189,Monthly pack,02-06-2024,,,,EXPIRED,03-05-2024,,,0,193,MBR00199
SHENBAGARAJ P,8870039978,Monthly pack,22-09-2026,Ajay,,,ACTIVE,22-08-2026,,,0,194,MBR00195
KRITHICK KOODALINGAM SENTHILKUMAR S,9095001084,Student monthly pack,05-06-2024,,,,EXPIRED,06-05-2024,,,0,195,MBR00196
PADMANABAN K,8754624223,Monthly pack,07-03-2025,Kamesh,Admin,,EXPIRED,05-02-2025,,,0,196,MBR00126
PAVITHRA CHIDAMBARAM C,8838734279,Student monthly pack,07-06-2024,,,,EXPIRED,08-05-2024,,,0,197,MBR00201
KRISHNAVENI C,9095741756,Student monthly pack,07-06-2024,,,,EXPIRED,08-05-2024,,,0,198,MBR00202
ABILASH RAM J,8220299887,90 days pack,01-03-2025,Madhan,,,EXPIRED,01-12-2024,,,0,199,MBR00203
SANKAR S,9566411383,Monthly pack,13-06-2024,,,,EXPIRED,14-05-2024,,,0,200,MBR00204
MAHALAKSHMI C,6380322240,Monthly pack,13-06-2024,,,,EXPIRED,14-05-2024,,,0,201,MBR00205
MAHESWARI S,7904176854,friendship pack,17-05-2026,Kamesh,Admin,,EXPIRED,19-05-2025,,,0,202,MBR00184
MUTHU PRAKASH ARASAKUMAR CHELLADURAI A,8122499502,Monthly pack,15-06-2024,,,,EXPIRED,16-05-2024,,,0,203,MBR00206
SANJAY S,9787765554,Monthly pack,16-06-2024,,,,EXPIRED,17-05-2024,,,0,204,MBR00207
KAMALNATH K,9361682540,Student monthly pack,16-06-2024,,,,EXPIRED,17-05-2024,,,0,205,MBR00209
PRIYAVARATHAN M,9500307012,90 Days Challenge,15-08-2024,,,,EXPIRED,17-05-2024,,,13000,206,MBR00210
SINDHUJA R,6362606152,Monthly pack,19-06-2024,,,,EXPIRED,20-05-2024,,,0,207,MBR00208
HARIHARAN D,9488014195,Yearly pack,09-10-2025,Ajay,Admin,,EXPIRED,09-10-2024,,,0,208,MBR00211
VISHNUPRIYA N,8072374781,"3 months pack
 Personal Training Monthly","25-08-2024
 09-09-2024",,,,EXPIRED,"27-05-2024
 10-08-2024",,,"0.00
 0.00",209,MBR00200
SARAVANAN RAJAN R,9894204168,"Yearly pack
 Personal Training 3 months","13-10-2026
 22-12-2024","Kamesh
 Ajay",,,ACTIVE,"13-10-2025
 24-10-2024",,,"0.00
 0.00",210,MBR00212
DHARUN KARTHICK K,9789215790,Student monthly pack,28-06-2024,,,,EXPIRED,29-05-2024,,,0,211,MBR00213
KIRUTHIK S,9443541516,Student monthly pack,28-06-2024,,,,EXPIRED,29-05-2024,,,0,212,MBR00214
DINESH DINESH,6385733101,Student monthly pack,29-06-2024,,,,EXPIRED,30-05-2024,,,0,213,MBR00218
VAJRA P,6369947718,Student monthly pack,29-06-2024,,,,EXPIRED,30-05-2024,,,0,214,MBR00215
AJAI SELVAM M,7548823390,Student monthly pack,29-06-2024,,,,EXPIRED,30-05-2024,,,0,215,MBR00216
RENGARAJ R,6385578056,Student monthly pack,29-06-2024,,,,EXPIRED,30-05-2024,,,0,216,MBR00217
MANU VELUSAMY V,8098783853,Yearly pack,08-10-2025,Ajay,,,EXPIRED,08-10-2024,,,0,217,MBR00219
KARTHIKKUMAR S,6385832119,Monthly pack,01-07-2024,,,,EXPIRED,01-06-2024,,,0,218,MBR00220
MANOBALAN S,6369208402,Monthly pack,02-07-2024,,,,EXPIRED,02-06-2024,,,0,219,MBR00224
GOKULNATH M,6374397266,Student monthly pack,02-07-2024,,,,EXPIRED,02-06-2024,,,0,220,MBR00221
SHENBAGA SHUDHAN V R R,9500474356,Monthly + pt,02-09-2026,Ajay,Admin,,EXPIRED,11-08-2026,,,0,221,MBR00225
SANKARI K,7358814729,"Monthly pack
 Personal Training Monthly","03-07-2024
 01-02-2025",Madhan,,,EXPIRED,"03-06-2024
 02-01-2025",,,"0.00
 0.00",222,MBR00222
TAMIZHMARAN G,9566937103,Monthly pack,04-07-2024,,,,EXPIRED,04-06-2024,,,0,223,MBR00223
SUBASRIDHARAN G,9698534455,Monthly pack,05-07-2024,,,,EXPIRED,05-06-2024,,,0,224,MBR00226
VANITHA R,9443721596,Yearly pack,06-01-2027,Kamesh,,,ACTIVE,06-01-2026,,,0,225,MBR00227
JOVITHA R,9487511596,Monthly pack,06-12-2024,Kamesh,Admin,,EXPIRED,06-11-2024,,,0,226,MBR00235
VALARMATHI S,8610242142,Monthly pack,07-07-2024,,Admin,,EXPIRED,07-06-2024,,,0,227,MBR00232
RAMPRAKASH M,8220477143,Yearly pack,01-02-2027,Kamesh,,,ACTIVE,01-02-2026,,,0,228,MBR00228
KAMALESH K,6382884823,Student monthly pack,10-07-2024,,,,EXPIRED,10-06-2024,,,0,229,MBR00229
SATHISH GANAPATHI SUDALAIMUTHU S,7373772208,Monthly pack,11-07-2024,,,,EXPIRED,11-06-2024,,,0,230,MBR00230
ASWIN M,9090022727,Student Monthly,04-07-2025,Kamesh,,,EXPIRED,05-06-2025,,,0,231,MBR00231
JULIANS MARIAN JOSHI J,9003756267,Monthly pack,17-07-2024,,,,EXPIRED,17-06-2024,,,0,232,MBR00233
ANITHA M,9566572753,Monthly pack,17-07-2024,,,,EXPIRED,17-06-2024,,,0,233,MBR00234
SURIYANARAYANAN KANNAN,9600850695,Monthly pack,19-08-2024,Ezhil,,,EXPIRED,02-11-2024,,,0,234,MBR00240
RANI SIVAKUMAR SARMA R,8886002463,Student monthly pack,24-07-2024,,,,EXPIRED,24-06-2024,,,0,235,MBR00237
SAHASRA VIJAYANAND,9894642332,Student monthly pack,24-07-2024,,,,EXPIRED,24-06-2024,,,0,236,MBR00236
RAVI KUMAR SAHU,8249065054,Student monthly pack,24-07-2024,,,,EXPIRED,24-06-2024,,,0,237,MBR00238
RAJASEKAR C,8883778383,Monthly pack,25-07-2024,,,,EXPIRED,25-06-2024,,,0,238,MBR00239
SARAVANAKUMAR S,9500762585,Monthly pack,25-07-2024,,,,EXPIRED,25-06-2024,,,0,239,MBR00241
JOHN DEOL SOLOMON J,7667711156,Student Monthly,21-06-2026,Ajay,,,EXPIRED,04-06-2026,,,0,240,MBR00243
VEERA KOMPAIYA P,7904071361,Monthly pack,25-07-2024,,,,EXPIRED,25-06-2024,,,0,241,MBR00247
RAMRAJ S,9486683146,Yearly pack,24-09-2025,Madhan,Admin,,EXPIRED,11-11-2024,,,0,242,MBR00245
PETCHIMUTHU M,7845446456,Monthly pack,26-07-2024,,,,EXPIRED,26-06-2024,,,0,243,MBR00242
GANAPATHY SANJAY S,6381189291,3 months pack,24-09-2024,,,,EXPIRED,26-06-2024,,,0,244,MBR00244
ARAVIND MANOHARAN M,7598123161,Monthly pack,27-07-2024,,,,EXPIRED,27-06-2024,,,0,245,MBR00246
BERNARD CHEN CHUNG YAO,9500270077,6 Months pack,05-05-2025,Ezhil,,,EXPIRED,06-11-2024,,,0,246,MBR00248
HARA PRASAN MISHRA S,7978098068,Student monthly pack,31-07-2024,,,,EXPIRED,01-07-2024,,,0,247,MBR00249
RAMACHANDRAN G,9994594097,"Student Monthly
 Personal Training Monthly","22-08-2026
 22-01-2025",Madhan,Admin,,EXPIRED,"23-07-2026
 23-12-2024",,,"0.00
 0.00",248,MBR00252
KARTHIKA M,7010061466,Student monthly pack,01-08-2024,,,,EXPIRED,02-07-2024,,,0,249,MBR00250
VEERA MUTHU G,8098567983,Student monthly pack,01-08-2024,,,,EXPIRED,02-07-2024,,,0,250,MBR00251
KARTHIKEYAN M,9488778183,Student monthly pack,01-08-2024,,,,EXPIRED,02-07-2024,,,0,251,MBR00265
Mariraja s,9345658848,Student Monthly,22-07-2026,,,,EXPIRED,23-06-2026,,,0,252,MBR00253
BHARADHADEVI B,9677309914,Student monthly pack,02-08-2024,,,,EXPIRED,03-07-2024,,,0,253,MBR00261
PREETHI M,8903610205,Monthly pack,02-08-2024,,,,EXPIRED,03-07-2024,,,0,254,MBR00254
THANGAMANI PALANI,6383504875,Yearly pack,07-05-2026,Kamesh,,,EXPIRED,07-05-2025,,,0,255,MBR00274
RAJARATHINAM VR,9600245962,Yearly pack,03-10-2025,Madhan,Admin,,EXPIRED,11-11-2024,,,0,256,MBR00276
MAHESWARI J,9486713383,Yearly pack,08-07-2025,,,,EXPIRED,08-07-2024,,,5000,257,MBR00256
PRASANTH S,8610783283,Monthly pack,07-08-2024,,,,EXPIRED,08-07-2024,,,0,258,MBR00255
sabari,8754846757,Student Monthly,19-05-2025,Kamesh,Admin,,EXPIRED,08-07-2024,,,0,259,MBR00259
MUTHEL RAJ G,7305791517,Monthly pack,07-08-2024,,,,EXPIRED,08-07-2024,,,0,260,MBR00262
SHANTHI M,9444417436,Monthly pack,07-11-2024,Madhan,,,EXPIRED,08-10-2024,,,0,261,MBR00257
NISHA R,7339114058,Yearly pack,18-12-2026,Kamesh,,,ACTIVE,18-12-2025,,,0,262,MBR00258
HARINI KRISHNA B,9597275568,3 months Pack,14-01-2025,Ezhil,,,EXPIRED,16-10-2024,,,0,263,MBR00260
PRAVEEN PETER,7358814881,"Monthly pack
 Personal Training Monthly","09-12-2024
 04-06-2025","Ajay
 Ajay",Admin,,EXPIRED,"05-05-2025
 05-05-2025",,,"0.00
 0.00",264,MBR00266
Keerthiram a,9486885586,,,,Admin,,EXPIRED,,,,,265,MBR00264
KARTHIKEYAN SINGAVEL,9677513008,Monthly pack,16-06-2025,,Admin,,EXPIRED,19-05-2025,,,0,266,MBR00263
CHARAN PRASAD J,9952284777,Student monthly pack,15-08-2024,,,,EXPIRED,16-07-2024,,,0,267,MBR00267
SHIVERAM M,9080869239,Student Monthly,07-09-2025,Ajay,,,EXPIRED,09-09-2025,,,0,268,MBR00268
GOPALAKRISHNAN S,9487264534,Student Monthly,03-06-2026,Ajay,,,EXPIRED,05-05-2026,,,0,269,MBR00270
RAMASAMY SUDARSAN,8072648371,Yearly pack,29-01-2026,Kamesh,Admin,,EXPIRED,29-01-2025,,,0,270,MBR00269
SEENIVASAN A,9500736931,6 months pack,15-01-2025,,,,EXPIRED,19-07-2024,,,0,271,MBR00273
ARUL RAYAN T,9442949459,Yearly pack,10-12-2026,Kamesh,,,ACTIVE,11-12-2025,,,0,272,MBR00271
NIKHIL NANTHA A,9597762006,Monthly pack,21-08-2024,,,,EXPIRED,22-07-2024,,,0,273,MBR00272
r Ravi,9600761508,,,,,,EXPIRED,,,,,274,MBR00275
RAHAV ADITHYA S,8610286371,Monthly pack,08-03-2025,Kamesh,Admin,,EXPIRED,19-02-2025,,,0,275,MBR00277
RAJKUMAR K,8807601148,Monthly pack,05-12-2024,Kamesh,Admin,,EXPIRED,05-11-2024,,,0,276,MBR00278
PRADEEP R,9952670093,Monthly pack,30-08-2024,,,,EXPIRED,31-07-2024,,,0,277,MBR00279
ADITYA A SUJATH,9342746763,Student Monthly,30-08-2025,Sankar Raj,,,EXPIRED,01-08-2025,,,0,278,MBR00280
VIGNESHWARI V,9790573426,Monthly pack,31-08-2024,,,,EXPIRED,01-08-2024,,,0,279,MBR00281
RAJAREERTHANA J,6384738127,Monthly pack,31-08-2024,,,,EXPIRED,01-08-2024,,,0,280,MBR00309
SUMATHI S,7708220559,Monthly pack,01-09-2024,,,,EXPIRED,02-08-2024,,,0,281,MBR00299
RAM MOHAN R,8220188471,,,,Admin,,EXPIRED,,,,,282,MBR00283
DEEPARUBIYA K,9786097684,Monthly pack,01-09-2024,,,,EXPIRED,02-08-2024,,,0,283,MBR00284
SATHYARAJ RAMARAJ,9600002821,Monthly pack,01-09-2024,,,,EXPIRED,02-08-2024,,,0,284,MBR00285
SANTHOSH R,8778311896,Student Monthly,02-05-2025,Madhan,Admin,,EXPIRED,02-04-2025,,,0,285,MBR00286
PANDARASAMY PALANICHAMY,9629956335,Monthly pack,01-09-2024,,,,EXPIRED,02-08-2024,,,0,286,MBR00287
VARATHARAJAPERUMAL S,9884866480,Yearly pack,27-11-2025,Ezhil,,,EXPIRED,27-11-2024,,,8000,287,MBR00300
RAJAKANI SHUNMATHI,9043872733,Cross fit ( MonthlyPack),14-02-2026,Kamesh,Admin,,EXPIRED,21-01-2026,,,0,288,MBR00301
RINI JULIET B,6381987782,Monthly pack,02-09-2024,,,,EXPIRED,03-08-2024,,,0,289,MBR00302
ASHWINI P,9884450759,Monthly pack,02-09-2024,,,,EXPIRED,03-08-2024,,,0,290,MBR00307
ARUN KUMAR ALLIDURAI,9042304959,Yearly pack,05-01-2026,Sankar Raj,,,EXPIRED,05-01-2025,,,0,291,MBR00288
Chandrasekar s,9940861852,Yearly pack,11-12-2026,Kamesh,,,ACTIVE,31-12-2025,,,0,292,MBR00289
MAHESWARAN R,9940722009,Monthly pack,04-09-2024,,,,EXPIRED,05-08-2024,,,0,293,MBR00290
RAJ NARAYANAN,8973699124,Monthly pack,06-09-2024,,,,EXPIRED,07-08-2024,,,200,294,MBR00291
MAHESWARI MADASAMY,9442026369,Monthly pack,07-09-2024,,,,EXPIRED,08-08-2024,,,0,295,MBR00293
ARCHANA PALANISELVAM,9094191726,Monthly pack,07-09-2024,,,,EXPIRED,08-08-2024,,,0,296,MBR00294
PRASANNA RAJARAM,6382215985,Monthly pack,11-09-2024,,,,EXPIRED,12-08-2024,,,0,297,MBR00295
DANIEL P,9597058984,Yearly pack,05-02-2027,Kamesh,Admin,,ACTIVE,05-02-2026,,,0,298,MBR00296
GOKUL NARAYANASAMY,9943022828,Yearly pack,03-02-2027,Kamesh,,,ACTIVE,04-02-2026,,,0,299,MBR00297
VINAY RAMACHANDRAN,6363033595,Monthly pack,11-09-2024,,,,EXPIRED,12-08-2024,,,0,300,MBR00298
SHARATH CHANDAR R,9629394941,"Yearly pack
 PT YEARLY","13-08-2025
 12-08-2025",Ajay,,,EXPIRED,"13-08-2024
 12-08-2024",,,"0.00
 10000.00",301,MBR00308
KRISHNA SAYEE VIKASH,9751986490,Monthly pack,18-09-2024,,,,EXPIRED,19-08-2024,,,0,302,MBR00303
JEYALAKSHMI S,7305166720,Monthly pack,18-09-2024,,,,EXPIRED,19-08-2024,,,0,303,MBR00304
Kannan,9791911367,Monthly pack,02-05-2026,,Admin,,EXPIRED,02-04-2026,,,0,304,MBR00306
GOKUL KANNAN,9486231178,Monthly pack,19-09-2024,,,,EXPIRED,20-08-2024,,,0,305,MBR00292
SURYANARAYAN D,8610594877,Student monthly pack,20-09-2024,,,,EXPIRED,21-08-2024,,,0,306,MBR00305
Rajavijay muthusamy,9943252700,Yearly pack,09-11-2025,,Admin,,EXPIRED,11-11-2024,,,0,307,MBR00307
MARISWARAN RAMASAMY,7448762142,Monthly pack,29-09-2024,,,,EXPIRED,30-08-2024,,,0,308,MBR00311
KARTHIKEYAN T,8870061125,90 Days Challenge,31-05-2025,Ezhil,,,EXPIRED,02-04-2025,,,0,309,MBR00312
VINOTHA G,8526643850,Monthly pack,01-10-2024,,,,EXPIRED,01-09-2024,,,0,310,MBR00313
SANKAR KARUPPASAMY K,9500536100,"Monthly + pt
 Personal Training Monthly","15-08-2026
 01-02-2025","Ajay
 Ezhil",Admin,,EXPIRED,"17-07-2026
 16-01-2025",,,"0.00
 0.00",311,MBR00314
PONRAJ R,9842111231,Yearly pack,02-10-2025,Kamesh,,,EXPIRED,08-10-2024,,,0,312,MBR00315
KAVITHA R,9944172867,Monthly pack,02-10-2024,,,,EXPIRED,02-09-2024,,,0,313,MBR00316
JOHN WESLEY,9361597634,Student Monthly,19-12-2025,Kamesh,Admin,,EXPIRED,20-11-2025,,,0,314,MBR00317
MANOHARAN A,9952611356,6 Months pack,30-03-2025,Kamesh,Admin,,EXPIRED,08-10-2024,,,0,315,MBR00282
HARI PRIYAN P V,9095329202,Student monthly pack,04-10-2024,,,,EXPIRED,04-09-2024,,,0,316,MBR00318
SURYA D,7010382451,Student Monthly,20-02-2025,Ajay,Admin,,EXPIRED,21-01-2025,,,0,317,MBR00319
KANAGA M,9361631330,Monthly pack,31-05-2026,Krishnaveni,,,EXPIRED,02-05-2026,,,0,318,MBR00324
RAKESH R,8807476637,90 Days Challenge,05-12-2024,Ajay,,,EXPIRED,06-09-2024,,,0,319,MBR00320
SRI BHARATHI B,9003328520,"Yearly pack
 Personal Training Monthly","18-12-2025
 07-12-2024","Madhan
 Madhan",,,EXPIRED,"18-12-2024
 07-11-2024",,,"0.00
 0.00",320,MBR00321
AJAY RAJA PANDIYAN R,9500761400,Student monthly pack,09-10-2024,,,,EXPIRED,09-09-2024,,,0,321,MBR00322
HARI PRIYA R,8610380370,Monthly pack,09-10-2024,,,,EXPIRED,09-09-2024,,,0,322,MBR00323
Aakash gowtham e,7708351885,"Monthly pack
 Personal Training Monthly","09-12-2024
 11-12-2024",Sankar Raj,Admin,Direct Walking,EXPIRED,"11-11-2024
 11-11-2024",,,"0.00
 0.00",323,MBR00325
SELVARAJ S,9656035670,Monthly pack,11-10-2024,,,,EXPIRED,11-09-2024,,,0,324,MBR00326
RADHA KRISHNAN K,9500803994,Monthly pack,12-10-2024,,,,EXPIRED,12-09-2024,,,0,325,MBR00327
RICKMETHA V,9344187221,Student Monthly,19-02-2025,Ajay,Admin,,EXPIRED,21-01-2025,,,0,326,MBR00328
RAHUL R,7010170830,Student monthly pack,09-05-2025,,,,EXPIRED,09-04-2025,,,0,327,MBR00175
PRADEEP S J,6369969428,Monthly pack,06-02-2026,Kamesh,,,EXPIRED,08-01-2026,,,0,328,MBR00177
Sri murugan,7639676515,Student Monthly,26-12-2024,Ezhil,Admin,,EXPIRED,02-04-2025,,,0,329,329
A Sudharsan,8838799030,Yearly pack,21-09-2025,,,,EXPIRED,21-09-2024,,,0,330,MBR00330
Jenifer V,6369715023,Monthly pack,04-05-2025,,Admin,,EXPIRED,04-04-2025,,,0,331,
Jitendra Sing,8220034010,Monthly pack,24-10-2024,Kamesh,Admin,Instagram,EXPIRED,24-09-2024,,,0,332,332
Dilip singh,7010387397,Monthly pack,24-10-2024,Kamesh,Admin,Instagram,EXPIRED,24-09-2024,,,0,333,333
Arthikeyan,6379637748,Student monthly pack,31-10-2024,Kamesh,Admin,Direct Walking,EXPIRED,01-10-2024,,,0,334,334
Pal Pandi .M,7305791392,Monthly pack,02-11-2024,Kamesh,Admin,Instagram,EXPIRED,03-10-2024,,,0,335,335
Prithiv sanjay,7708691912,Student 3 months package,18-12-2024,Sankar Raj,Admin,,EXPIRED,19-09-2024,,,0,336,336
GURU KESAV,8110002310,Monthly pack,19-06-2025,,Admin,,EXPIRED,21-05-2025,,,0,337,337
Aswin,9952214412,Monthly pack,07-04-2025,,Admin,client ref,EXPIRED,08-03-2025,,,0,338,338
Ram prasanth,9123589175,Yearly pack,07-10-2025,,Admin,Instagram,EXPIRED,07-10-2024,,,0,339,339
Bala singam,9171717999,3 months Pack,07-01-2025,,Admin,,EXPIRED,09-10-2024,,,0,340,340
S m swetha,7598233648,Monthly pack,09-12-2024,Ezhil,Admin,Instagram,EXPIRED,11-11-2024,,,0,341,341
S anusha,9442443648,Monthly pack,09-12-2024,Ezhil,,Instagram,EXPIRED,11-11-2024,,,0,342,MBR00342
Rajesh Kumar,9965552500,"Yearly pack
 Personal Training Monthly","15-10-2025
 14-11-2024","Kamesh
 Kamesh",Admin,Direct Walking,EXPIRED,"14-10-2024
 14-10-2024",,,"0.00
 0.00",343,343
GEETHA,8825570725,Yearly pack,19-08-2026,,Admin,Direct Walking,EXPIRED,19-08-2025,,,2000,344,344
SARUMATHY SANKAR,8056950692,"Student Monthly
 Personal Training Monthly","23-10-2024
 23-10-2024","Priya
 Priya",Admin,,EXPIRED,"23-09-2024
 23-09-2024",,,"0.00
 0.00",345,345
AJAY GANESH,6382396011,3 months pack,27-12-2024,Ajay,,,EXPIRED,28-09-2024,,,0,346,346
RATHINA KUMAR,9486453676,Yearly pack,24-09-2025,Kamesh,Admin,Instagram,EXPIRED,24-09-2024,,,0,347,347
M. sahana,6385631065,90 Days Challenge,08-01-2025,,Admin,Direct Walking,EXPIRED,10-10-2024,,,13000,348,348
SANGEETHA PRAVEEN,8870088638,90 Days Challenge,18-02-2026,Kamesh,Admin,Instagram,EXPIRED,20-11-2025,,,10000,349,349
priya sridhar,9940583728,Monthly pack,14-11-2024,Ajay,Admin,,EXPIRED,15-10-2024,,,0,350,350
Murugeshwari,6369145546,Monthly pack,15-11-2024,Kamesh,Admin,Direct Walking,EXPIRED,16-10-2024,,,0,351,351
Gokul,6383366930,Monthly pack,15-12-2024,Kamesh,Admin,Direct Walking,EXPIRED,08-11-2025,,,0,352,352
SUDHAKARAN,8754267978,Monthly pack,15-11-2024,,Admin,,EXPIRED,16-10-2024,,,0,353,353
R.Namish,9629610100,3 months Pack,04-03-2026,Kamesh,Admin,Direct Walking,EXPIRED,04-12-2025,,,0,354,354
Raja Sekar,9443740104,"3 months pack
 Personal Training Monthly","16-01-2025
 26-02-2025","Kamesh
 Kamesh",Admin,Instagram,EXPIRED,"18-10-2024
 24-01-2025",,,"0.00
 0.00",355,355
Karan Kumar,7904220183,Monthly pack,18-11-2024,Kamesh,Admin,Instagram,EXPIRED,19-10-2024,,,0,356,356
S.subburaj,9344332251,3 months Pack,17-01-2025,Ezhil,,client ref,EXPIRED,19-10-2024,,,0,357,MBR00357
Dr.moses,9842108804,Yearly pack,31-12-2026,Ajay,Admin,,ACTIVE,01-01-2026,,,0,358,MBR00358
n.gowri,8870492572,Monthly pack,21-11-2024,Ajay,Admin,,EXPIRED,22-10-2024,,,0,359,359
e.t.alwinraj,8610012983,Monthly pack,22-11-2024,Ajay,Admin,,EXPIRED,23-10-2024,,,0,360,360
p.mariraja,9942820498,Monthly pack,22-11-2024,Ajay,Admin,,EXPIRED,23-10-2024,,,0,361,361
M. Gokula Priya,8903013268,3 months Pack,06-10-2025,,Admin,Instagram,EXPIRED,08-07-2026,,,0,362,362
Hema mathavan.k,6369736918,"Student monthly pack
 Personal Training Monthly","23-11-2024
 23-11-2024","Ajay
 Ajay",Admin,Instagram,EXPIRED,"24-10-2024
 24-10-2024",,,"0.00
 0.00",364,364
JEEVA G,9003807754,Monthly pack,25-12-2024,Priya,Admin,Instagram,EXPIRED,25-11-2024,,,0,365,365
SS. Muthu,8667553776,Yearly pack,27-10-2025,Kamesh,Admin,client ref,EXPIRED,27-10-2024,,,0,366,366
Ashwin.A,9600338742,Student Monthly,09-08-2025,Kamesh,Admin,Instagram,EXPIRED,11-07-2025,,,0,367,367
Mani Kandan.S,9786840012,Student Monthly,20-09-2026,Ajay,Admin,Instagram,ACTIVE,24-08-2026,,,0,368,368
udhayan k s,9952233699,4month student,03-05-2025,,Admin,,EXPIRED,03-05-2025,,,0,369,369
Vanaja.P,7904287701,Yearly pack,27-12-2025,Priya,Admin,,EXPIRED,27-12-2024,,,0,370,370
N.karthic,7418721429,3 months Pack,03-02-2025,,Admin,,EXPIRED,05-11-2024,,,0,371,371
M.subramaniabharathi,9488072322,Yearly pack,14-11-2026,Kamesh,Admin,Instagram,ACTIVE,14-11-2025,,,0,372,372
T.selvendran,9629621831,Yearly pack,11-02-2027,Kamesh,Admin,,ACTIVE,12-02-2026,,,0,373,373
B.shreya,6264368813,Student Monthly,20-02-2025,,Admin,,EXPIRED,21-01-2025,,,0,374,374
M.Vimal Raaj,8778710573,Monthly pack,07-12-2024,Kamesh,Admin,Direct Walking,EXPIRED,07-11-2024,,,0,375,375
Mihiran .DM,7708898848,"3 months pack
 Personal Training 3 months","07-03-2025
 09-02-2025","Kamesh
 Kamesh",Admin,,EXPIRED,"31-12-2024
 11-11-2024",,,"0.00
 0.00",376,376
Parasurama Krishnan.RK,7339665791,Student Monthly,15-08-2025,Kamesh,Admin,,EXPIRED,16-07-2025,,,0,377,377
Siddhesh.S,8072720628,Student Monthly,03-01-2026,Kamesh,Admin,,EXPIRED,04-12-2025,,,0,378,378
Naveen.K,8110853327,Monthly pack,11-12-2024,Kamesh,Admin,,INACTIVE,11-11-2024,,,0,379,379
T.anandhavel,9486553473,Yearly pack,11-01-2026,Sankar Raj,Admin,,EXPIRED,03-01-2025,,,0,380,380
Sri charan b.j,9360163460,Student Monthly,11-12-2024,,Admin,,EXPIRED,11-11-2024,,,0,381,381
Harilharan m.n.j,9843719269,Yearly pack,11-01-2026,Sankar Raj,Admin,,EXPIRED,03-01-2025,,,0,382,382
Jeevan siddharth,7338773925,Student Monthly,09-08-2025,Kamesh,Admin,,EXPIRED,11-07-2025,,,0,383,383
Mathana Gopal,6382875011,Monthly pack,13-12-2024,Kamesh,Admin,,EXPIRED,13-11-2024,,,0,384,384
M.PREETHI,6369562734,3 months Pack,11-02-2025,Ezhil,Admin,,EXPIRED,13-11-2024,,,0,385,385
R.mageswaean,7358315194,Monthly pack,14-12-2024,,Admin,,EXPIRED,14-11-2024,,,0,386,386
Priya Dharshini.J,9566981586,Student Monthly,16-04-2025,,Admin,,EXPIRED,17-03-2025,,,0,387,387
T.abhinav sridhar,7708462287,Monthly pack,15-08-2026,Ajay,Admin,,EXPIRED,15-07-2026,,,0,388,388
G.ponselvam,8072457138,Yearly pack,03-01-2027,Kamesh,Admin,,ACTIVE,03-01-2026,,,0,389,389
RAJA RANJANI,9791409227,Monthly pack,18-12-2024,Priya,Admin,client ref,EXPIRED,18-11-2024,,,0,390,390
MATHAN CHANDRASEKAR,9042414152,Monthly pack,18-12-2024,Madhan,Admin,,EXPIRED,18-11-2024,,,0,391,391
Akilesh,9600424031,Yearly pack,22-11-2025,Madhan,Admin,,EXPIRED,22-11-2024,,,0,392,392
Amulraj,9791217598,Monthly pack,23-12-2024,,Admin,,EXPIRED,23-11-2024,,,0,393,393
vinoth alais gopinath .S,6381399982,Student monthly pack,25-12-2024,Kamesh,Admin,,EXPIRED,25-11-2024,,,0,394,394
MAHATHI.M,8667820480,Yearly pack,26-11-2025,Madhan,Admin,Instagram,EXPIRED,26-11-2024,,,0,395,395
c yespee,9487518318,Monthly pack,28-12-2024,Sankar Raj,Admin,client ref,EXPIRED,28-11-2024,,,0,396,396
A.aravind ravilla,9715265676,Yearly pack,28-11-2025,Kamesh,Admin,,EXPIRED,28-11-2024,,,0,397,397
R.CHITRA,9488068778,Monthly pack,29-12-2024,Madhan,Admin,,EXPIRED,29-11-2024,,,0,399,399
Mohan.M,9360475957,Monthly pack,01-01-2025,Kamesh,Admin,,EXPIRED,02-12-2024,,,0,400,400
sundarsanaw.M,9426483860,Monthly pack,01-01-2025,Kamesh,Admin,,EXPIRED,02-12-2024,,,0,401,401
vaishnavi.S,8903483860,Student monthly pack,01-01-2025,Kamesh,Admin,,EXPIRED,02-12-2024,,,0,402,402
Vignesh.R,9344022198,Monthly pack,01-01-2025,Kamesh,Admin,,EXPIRED,02-12-2024,,,0,403,403
Avudaiappan .C,8667665480,"Yearly pack
 Personal Training Monthly","02-12-2025
 01-01-2025","Kamesh
 Kamesh",Admin,,EXPIRED,"02-12-2024
 02-12-2024",,,"0.00
 0.00",404,404
S Gangalakshmi,6379739296,90 Days Challenge,02-03-2025,Sankar Raj,Admin,,EXPIRED,02-12-2024,,,0,405,405
Sibi,9944717345,"Yearly pack
 Personal Training Monthly","21-03-2026
 05-12-2025","Kamesh
 Kamesh",Admin,,EXPIRED,"21-03-2025
 05-11-2025",,,"0.00
 2000.00",406,406
Lokesh,6383246770,Student monthly pack,04-01-2025,Kamesh,Admin,,EXPIRED,05-12-2024,,,0,407,407
Manian,8870636994,Student Monthly,05-03-2025,Kamesh,Admin,,EXPIRED,06-02-2025,,,0,408,408
Kompaiya Raj,9043351859,Monthly pack,04-01-2025,Kamesh,Admin,,EXPIRED,05-12-2024,,,0,409,409
Naveen,6385218993,Student monthly pack,03-01-2025,Madhan,Admin,,EXPIRED,05-12-2024,,,0,410,410
Durga,9345454690,Student monthly pack,04-01-2025,Kamesh,Admin,Direct Walking,EXPIRED,05-12-2024,,,0,411,411
Jeevrathinam,9487533727,Monthly pack,04-01-2025,Kamesh,Admin,Direct Walking,EXPIRED,05-12-2024,,,0,412,412
R.swathi rajan,6385507295,Monthly pack,14-12-2025,Kamesh,Admin,,EXPIRED,14-11-2025,,,0,413,413
vijay P,9843714664,3 months Pack,16-09-2025,Ajay,Admin,,EXPIRED,24-10-2025,,,0,414,414
m.vimalraaj,9442050023,Monthly pack,09-01-2025,Ezhil,Admin,,EXPIRED,10-12-2024,,,0,415,415
Dinesh .T,9626262874,Monthly pack,09-01-2025,Kamesh,Admin,,EXPIRED,10-12-2024,,,0,416,416
Manoranjith,8220998642,Yearly pack,10-12-2025,Ajay,Admin,,EXPIRED,10-12-2024,,,0,417,417
Aravinth,9965123627,Yearly pack,10-12-2025,Ajay,Admin,,EXPIRED,10-12-2024,,,0,418,418
Mani raja,8870096898,Yearly pack,10-12-2025,Madhan,Admin,,EXPIRED,10-12-2024,,,0,419,419
Vishnu Ram,9790379882,Yearly pack,10-12-2025,Madhan,Admin,,EXPIRED,10-12-2024,,,0,420,420
girithar.v,9597445942,Student Monthly,09-01-2025,Ajay,Admin,,EXPIRED,10-12-2024,,,0,421,421
s.sharukesh,9047556808,Student Monthly,13-01-2025,Ezhil,Admin,,EXPIRED,14-12-2024,,,0,422,422
Kaliraj,8526809195,Yearly pack,01-09-2025,Sankar Raj,Admin,,EXPIRED,16-12-2024,,,1000,423,423
Ponmani raj,8754909211,Student Monthly,17-07-2025,Ajay,Admin,,EXPIRED,27-06-2025,,,0,424,424
R RAMESH,9940260403,Yearly pack,18-12-2025,Madhan,Admin,,EXPIRED,18-12-2024,,,0,425,425
Karuthapandi.K,9443103313,Yearly pack,01-12-2025,Kamesh,Admin,,EXPIRED,19-12-2024,,,0,426,426
Raja,9486283844,Monthly pack,18-01-2025,Kamesh,Admin,,EXPIRED,20-12-2024,,,0,427,427
Saivashni,9486553651,"Student monthly pack
 Personal Training Monthly","18-01-2025
 18-01-2025",Kamesh,Admin,,EXPIRED,"19-12-2024
 19-12-2024",,,"0.00
 0.00",428,428
sathiya kumar,4741347719,Monthly pack,22-01-2025,Sankar Raj,Admin,Direct Walking,EXPIRED,21-12-2024,,,0,429,429
Murali,8148405818,Student Monthly,14-06-2026,Sankar Raj,Admin,,EXPIRED,16-05-2026,,,0,430,430
Nivetha venkatesh,8883334414,Yearly pack,23-12-2025,Sankar Raj,Admin,,EXPIRED,23-01-2025,,,0,431,431
VIJAYAN,9894191009,Monthly pack,23-01-2025,Ajay,Admin,,EXPIRED,24-12-2024,,,0,432,432
thenraj,9994922583,Yearly pack,02-02-2027,Kamesh,Admin,,ACTIVE,03-02-2026,,,0,433,433
arumuga pandian,9500940269,Monthly pack,26-02-2025,,Admin,,EXPIRED,27-01-2025,,,0,435,435
MANIKANDAN,9092168485,"Yearly pack
 PT 6 months","01-01-2026
 16-12-2025","Sankar Raj
 Sankar Raj",Admin,,EXPIRED,"30-12-2024
 21-06-2025",,,"0.00
 0.00",436,436
Sankarasubburaj .R,7305342082,Monthly pack,31-01-2025,Kamesh,Admin,,EXPIRED,31-12-2024,,,0,437,437
SUNDARA VADIVEL RAJA,9486076061,Yearly pack,01-01-2026,Sankar Raj,Admin,Direct Walking,EXPIRED,31-12-2024,,,0,438,438
MARIKANNAN C,9994394966,Yearly pack,01-01-2026,Sankar Raj,Admin,,EXPIRED,31-12-2024,,,0,439,439
s.kathiresan,7904711172,Yearly pack,31-12-2025,Ezhil,Admin,,EXPIRED,31-12-2024,,,8000,440,440
Suresh Kumar,6380872268,Yearly pack,01-01-2026,Kamesh,Admin,,EXPIRED,01-01-2025,,,0,441,441
S.gaja yokesh,8428889898,Yearly pack,01-01-2026,,Admin,,EXPIRED,01-01-2025,,,0,442,442
sasi ganesh,8190848507,Yearly pack,07-01-2027,Kamesh,Admin,,ACTIVE,13-01-2026,,,5000,443,443
sankaranarayanan,8123919318,Monthly pack,03-06-2026,Ajay,Admin,,EXPIRED,05-05-2026,,,0,444,444
prem kumar,8270165379,Monthly pack,16-04-2025,Ajay,Admin,,EXPIRED,27-03-2025,,,0,445,445
praveen kumar,9344010789,Monthly pack,15-06-2025,,Admin,,EXPIRED,24-05-2025,,,0,446,446
JUDIES MERLIN,7305768594,Student Monthly,02-02-2025,Madhan,Admin,,EXPIRED,03-01-2025,,,0,447,447
Rahul,8939087645,3 months Pack,04-05-2025,Ajay,Admin,,EXPIRED,09-01-2025,,,0,448,448
J sridhar,9043297038,Yearly pack,04-01-2026,,Admin,,EXPIRED,04-01-2025,,,0,449,449
MUTHU SHANMUGAM,9894977819,Yearly pack,05-01-2026,Sankar Raj,Admin,Direct Walking,EXPIRED,05-01-2025,,,0,450,450
sri Ganesh,9025838732,Yearly pack,08-01-2026,Ezhil,,,EXPIRED,24-01-2025,,,0,451,MBR00451
rajesh kumar,9080910161,Monthly pack,08-02-2025,Ajay,Admin,,EXPIRED,09-01-2025,,,0,452,452
r.rahul,9150473448,"Yearly pack
 Personal Training Monthly","11-02-2026
 20-10-2025","Kamesh
 Kamesh",Admin,,EXPIRED,"14-02-2025
 20-09-2025",,,"0.00
 0.00",453,453
mansour rahman,9944680058,"Yearly pack
 Personal Training Monthly","13-01-2026
 07-03-2025","Ajay
 Ajay",Admin,,EXPIRED,"13-01-2025
 05-02-2025",,,"0.00
 0.00",454,454
Siva kumar,8978034502,Yearly pack,16-01-2026,Madhan,Admin,,EXPIRED,16-01-2025,,,0,455,455
Hari,9123551317,Student Monthly,22-05-2025,,Admin,,EXPIRED,22-04-2025,,,1500,456,456
sridharBalaji,6036176173,"3 months pack
 Personal Training Monthly","17-04-2025
 16-02-2025","Kamesh
 Kamesh",Admin,,EXPIRED,"17-01-2025
 17-01-2025",,,"0.00
 0.00",457,457
prasanth,8925831826,"Monthly pack
 Personal Training Monthly","19-02-2025
 19-02-2025","Kamesh
 Kamesh",Admin,,EXPIRED,"20-01-2025
 20-01-2025",,,"0.00
 0.00",458,458
suguna prakash,9655999556,Yearly pack,20-01-2026,Ajay,Admin,,EXPIRED,20-01-2025,,,0,459,459
Uma Maheswari.B,9003446556,Yearly pack,20-01-2026,Kamesh,Admin,,EXPIRED,20-01-2025,,,0,460,460
Viji,9524105694,"Yearly pack
 Personal Training Monthly","21-01-2026
 20-02-2025","Priya
 Priya",Admin,,EXPIRED,"21-01-2025
 21-01-2025",,,"0.00
 0.00",461,461
puvanesh,9442919064,"Yearly pack
 Personal Training 3 months","27-02-2026
 28-05-2025","Kamesh
 Ajay",Admin,,EXPIRED,"25-02-2025
 27-02-2025",,,"0.00
 0.00",462,462
shangeela,7373735322,Monthly pack,27-02-2025,Kamesh,Admin,,EXPIRED,28-01-2025,,,0,463,463
latha kannan,9787705481,Monthly pack,27-02-2025,Kamesh,Admin,,EXPIRED,28-01-2025,,,0,464,464
Shanmugavel.S,8122336589,Monthly pack,02-03-2025,Kamesh,Admin,,EXPIRED,31-01-2025,,,0,465,465
Vardini,8610338058,Student Monthly,05-06-2025,Kamesh,Admin,,EXPIRED,06-05-2025,,,0,466,466
Srinath.S,9025769795,Monthly pack,06-03-2025,Kamesh,Admin,,EXPIRED,04-02-2025,,,0,467,467
thanga prasath,7548875600,Student Monthly,27-07-2025,Ajay,Admin,,EXPIRED,29-06-2025,,,0,468,468
Dhivya .s,7305789130,Yearly pack,06-02-2026,Madhan,Admin,,EXPIRED,06-02-2025,,,0,469,469
B.avinash,8825812277,Student Monthly,13-04-2025,,Admin,,EXPIRED,14-03-2025,,,0,470,470
g.viswa,8754514259,Yearly pack,07-02-2026,Ezhil,Admin,,EXPIRED,07-02-2025,,,0,471,471
Aravindan,8428913881,Monthly pack,12-03-2025,Ajay,Admin,,EXPIRED,10-02-2025,,,0,472,472
Sathiya,7639112675,Monthly pack,13-04-2025,Kamesh,Admin,,EXPIRED,14-03-2025,,,0,473,473
C.jaisuthan,9345787445,Student Monthly,14-03-2025,,Admin,,EXPIRED,12-02-2025,,,0,474,474
Sathish Kumar,6381875667,Monthly pack,19-03-2025,Madhan,Admin,,EXPIRED,17-02-2025,,,0,475,475
omharish.b,9597304131,"Monthly pack
 Personal Training Monthly","20-03-2025
 23-03-2025","Ezhil
 Ezhil",Admin,,EXPIRED,"18-02-2025
 21-02-2025",,,"0.00
 0.00",476,476
Manikaraja,9994315813,Monthly pack,24-03-2025,Kamesh,Admin,,EXPIRED,22-02-2025,,,0,477,477
chandra mohan,9345121338,Monthly pack,23-05-2025,Kamesh,Admin,,EXPIRED,26-04-2025,,,0,478,478
Madhan kalaiyarasan K,960064627,Monthly pack,26-03-2025,Kamesh,Admin,,EXPIRED,24-02-2025,,,0,479,479
Vignesh.K,9790531100,Monthly pack,26-03-2025,Ajay,Admin,,EXPIRED,24-02-2025,,,0,480,480
Muthu Benina .S,7548818005,Student Monthly,01-05-2025,Kamesh,Admin,,EXPIRED,01-04-2025,,,0,481,481
vignesh,7826510458,Student Monthly,06-05-2025,Kamesh,Admin,,EXPIRED,06-04-2025,,,0,482,482
joseph prince,7092712965,Student Monthly,04-05-2025,Kamesh,Admin,,EXPIRED,04-04-2025,,,0,483,483
harish,9791296877,"Monthly pack
 Personal Training Monthly","02-01-2026
 03-01-2026",Sankar Raj,Admin,,EXPIRED,"04-12-2025
 04-12-2025",,,"0.00
 0.00",484,484
Ramer,9788747841,Monthly pack,03-04-2025,Kamesh,Admin,,EXPIRED,04-03-2025,,,0,485,485
Venkataraman,6369322466,Student Monthly,10-10-2025,Kamesh,Admin,,EXPIRED,11-09-2025,,,0,486,486
Karthikeyan,7708151499,Student Monthly,08-06-2025,Kamesh,Admin,,EXPIRED,09-05-2025,,,0,487,487
ruban kingston,9442580766,"Monthly pack
 Personal Training Monthly","11-12-2025
 11-12-2025",Kamesh,Admin,,EXPIRED,"14-11-2025
 14-11-2025",,,"0.00
 0.00",488,488
RishiKeshwara.L,6379721719,"Yearly pack
 Personal Training 3 months","08-03-2026
 28-05-2026","Ajay
 Kamesh",Admin,,EXPIRED,"08-03-2025
 27-02-2026",,,"0.00
 0.00",489,489
Ramesh.E,9080274942,Yearly pack,08-03-2026,Sukin,Admin,,EXPIRED,08-03-2025,,,0,490,490
Mary J,8778319480,Yearly pack,08-03-2026,Ajay,Admin,,EXPIRED,08-03-2025,,,0,491,491
vibin.A,9159189252,Student Monthly,09-07-2025,Kamesh,Admin,,EXPIRED,09-06-2025,,,0,492,492
ARAVIND S,8667554223,3 months Pack,08-06-2025,,Admin,,EXPIRED,10-03-2025,,,0,493,493
Priyan S,8508033706,Student Monthly,09-04-2025,Ajay,Admin,,EXPIRED,10-03-2025,,,0,494,494
Muniya Prakash,9942068414,Student Monthly,14-09-2026,Ajay,Admin,,ACTIVE,24-08-2026,,,0,495,495
Jaya sudha,9944650360,Monthly pack,15-05-2025,Kamesh,Admin,Instagram,EXPIRED,15-04-2025,,,0,496,496
mahi balan,8124411530,Student Monthly,10-04-2025,,Admin,,EXPIRED,11-03-2025,,,0,497,497
Rakshan.M.Y,9025035875,Student Monthly,16-04-2025,Kamesh,Admin,,EXPIRED,17-03-2025,,,0,498,498
Selva ganesh.m,6380311486,Yearly pack,17-03-2026,,Admin,,EXPIRED,17-03-2025,,,0,499,MBR00499
Raja Pandiyan . A,9789397949,Yearly pack,17-03-2026,Kamesh,Admin,,EXPIRED,17-03-2025,,,0,500,500
Sanjay Krishnan,9345652629,Student Monthly,15-06-2025,,Admin,,EXPIRED,21-05-2025,,,0,501,501
Ragavan,7708600584,Monthly pack,18-04-2025,Sukin,Admin,,EXPIRED,19-03-2025,,,0,502,502
Sharmila,9952635750,,,,Admin,,EXPIRED,,,,,503,503
Gokul .t,9597009083,"3 months Pack
 Personal Training Monthly","25-06-2025
 15-05-2025",Kamesh,Admin,,EXPIRED,"27-03-2025
 15-04-2025",,,"0.00
 0.00",504,504
Nandha kumar p,9003506666,Yearly pack,02-08-2026,Kamesh,Admin,,EXPIRED,01-08-2025,,,0,505,505
Abinav Ragul,7373779293,Student Monthly,27-04-2025,Ajay,Admin,,EXPIRED,28-03-2025,,,0,506,506
Praburaj b r,7601003911,"Yearly pack
 Personal Training Monthly","28-05-2026
 31-12-2025","Ajay
 Kamesh",Admin,,EXPIRED,"05-06-2025
 06-12-2025",,,"0.00
 1000.00",507,507
Prveen .R,9042462908,,,,Admin,,EXPIRED,,,,,508,508
Lakshan Kumar,8438408800,Student Monthly,30-04-2025,Kamesh,Admin,,EXPIRED,31-03-2025,,,0,509,509
R.SINDUJA,8144042224,Monthly pack,30-04-2025,Priya,Admin,Instagram,EXPIRED,31-03-2025,,,0,510,510
M. PARTHIBAN,8072315504,Student Monthly,28-04-2025,Ajay,Admin,,EXPIRED,29-03-2025,,,0,511,511
K. siddharchan,9994870901,Student Monthly,29-06-2025,Madhan,Admin,,EXPIRED,03-07-2026,,,0,512,512
S. AAHASH,9361315193,Student Monthly,28-04-2025,Ajay,Admin,,EXPIRED,29-03-2025,,,0,513,513
Praveen,9944103986,Student Monthly,01-05-2025,Kamesh,Admin,,EXPIRED,01-04-2025,,,0,514,514
Shoumik,9952406781,Student Monthly,01-06-2026,Krishnaveni,Admin,,EXPIRED,02-05-2026,,,0,515,515
Jai vigknesh,8220185526,Student Monthly,26-04-2026,Kamesh,Admin,,EXPIRED,27-03-2026,,,0,516,516
Kapilarasan .m,9600082797,Yearly pack,04-05-2027,Ajay,Admin,,ACTIVE,05-05-2026,,,0,517,517
Suriya,9626462306,Student Monthly,04-05-2025,Kamesh,Admin,,EXPIRED,04-04-2025,,,0,518,518
Ganesh Kumar,9944736523,Student Monthly,04-05-2025,Kamesh,Admin,,EXPIRED,04-04-2025,,,0,519,519
Ashwin,9994896714,Student Monthly,04-05-2025,,Admin,,EXPIRED,04-04-2025,,,0,520,520
Arun m,6369831942,Student Monthly,04-05-2025,,Admin,,EXPIRED,04-04-2025,,,0,521,521
Krithick ac,7639176376,Student Monthly,31-05-2025,Ezhil,Admin,,EXPIRED,08-05-2025,,,0,522,522
Vinith,6383317902,Student Monthly,01-05-2025,Sankar Raj,Admin,,EXPIRED,04-04-2025,,,0,523,523
Ashwin,9894896714,Student Monthly,05-05-2025,Ajay,Admin,,EXPIRED,05-04-2025,,,0,524,524
c.murugesh,9894805202,Yearly pack,10-05-2027,Ajay,Admin,,ACTIVE,23-07-2026,,,0,525,525
Ganesh,8248016535,Yearly pack,05-04-2026,Madhan,Admin,,EXPIRED,05-04-2025,,,0,526,526
Harish,960081513,Student Monthly,07-05-2025,Kamesh,Admin,,EXPIRED,07-04-2025,,,0,527,527
Aruj Kumar,9543931438,Student Monthly,07-05-2025,Kamesh,Admin,,EXPIRED,07-04-2025,,,0,528,528
John Titus,9095563434,Student Monthly,09-05-2025,Kamesh,Admin,,EXPIRED,09-04-2025,,,0,529,529
Yuthish Kumar,9500705857,"6 Months pack
 Personal Training 3 months","06-01-2026
 08-10-2025","Kamesh
 Kamesh",Admin,,EXPIRED,"10-07-2025
 10-07-2025",,,"0.00
 0.00",530,530
Adithyaram S,8056920869,Student Monthly,10-05-2025,Ajay,Admin,,EXPIRED,10-04-2025,,,0,531,531
Sharanesan G,8248769243,Student Monthly,10-05-2025,Ajay,Admin,,EXPIRED,10-04-2025,,,0,532,532
Lakshan Srinivasan,8122992546,Student Monthly,14-05-2025,Sukin,Admin,,EXPIRED,14-04-2025,,,0,533,533
Thirukarthikeyan,7598732100,Student Monthly,14-05-2025,Sukin,Admin,,EXPIRED,14-04-2025,,,0,534,534
Vignesh,8903728440,Monthly pack,14-05-2025,Madhan,Admin,,EXPIRED,14-04-2025,,,0,535,535
Dheeraj Nathella,9443636252,Student Monthly,15-05-2025,Ajay,Admin,,EXPIRED,15-04-2025,,,0,536,536
madhan,8072623772,"Monthly pack
 Personal Training Monthly","18-05-2025
 18-05-2025",Ajay,Admin,,EXPIRED,"18-04-2025
 18-04-2025",,,"0.00
 3000.00",537,537
palaniraj.D,9655188172,Monthly pack,16-05-2025,Ajay,Admin,,EXPIRED,16-04-2025,,,0,538,538
karthik,9489271559,Yearly pack,18-04-2027,,Admin,,ACTIVE,09-07-2026,,,0,539,539
Maaran,9363277020,Monthly pack,18-05-2025,Madhan,Admin,,EXPIRED,18-04-2025,,,0,540,540
Mathan chakkaravarthi,7845757552,Monthly pack,06-08-2025,Kamesh,Admin,,EXPIRED,18-04-2025,,,0,541,541
Manoharan,9025465518,Monthly pack,18-05-2025,Kamesh,Admin,,EXPIRED,18-04-2025,,,0,542,542
Ramnath V,9952297011,Student Monthly,17-07-2025,Kamesh,Admin,,EXPIRED,23-06-2025,,,0,543,543
Prabhakaran,7397710085,Student Monthly,19-05-2025,Kamesh,Admin,,EXPIRED,19-04-2025,,,0,544,544
Ramesh.n,9003522892,Monthly pack,02-10-2025,Sankar Raj,,,EXPIRED,04-09-2025,,,0,545,MBR00545
munish ratha,9994154886,"Monthly pack
 Personal Training Monthly","01-08-2025
 24-05-2025","Kamesh
 Kamesh",Admin,,EXPIRED,"21-04-2025
 23-04-2025",,,"0.00
 2000.00",546,546
r.vijay anand,8870405816,Monthly pack,21-05-2025,Ezhil,Admin,,EXPIRED,21-04-2025,,,0,547,547
RAMESH N,6381689251,Monthly pack,23-05-2025,,Admin,,EXPIRED,23-04-2025,,,0,548,548
AWADESH KUMAR,9677973416,Monthly pack,23-05-2025,,Admin,,EXPIRED,23-04-2025,,,0,549,549
VARUN KUMAR,8075758028,Student Monthly,29-06-2025,Kamesh,Admin,,EXPIRED,03-06-2025,,,0,550,550
Veeraraj .S,770881187,Monthly pack,23-05-2025,Kamesh,Admin,,EXPIRED,25-04-2025,,,0,551,551
Srithar .C,8124959552,Monthly pack,06-07-2025,,Admin,,EXPIRED,06-06-2025,,,0,552,552
ashish kumar sanu,6387268878,,,,Admin,,EXPIRED,,,,,553,553
sanoj kumar,7256837171,Student Monthly,27-06-2025,Ajay,Admin,,EXPIRED,03-06-2025,,,0,554,554
Venu Aravind,7904555395,Student Monthly,28-12-2025,Kamesh,Admin,Direct Walking,EXPIRED,28-11-2025,,,0,555,555
Mohana Sundaram .K,8946040674,"Yearly pack
 Personal Training 3 months","14-11-2026
 19-05-2026","Kamesh
 Kamesh",Admin,,ACTIVE,"14-11-2025
 18-02-2026",,,"0.00
 0.00",556,556
Santhosh S S,8270040038,Student Monthly,01-06-2025,,Admin,,EXPIRED,03-05-2025,,,0,557,557
Sanjeev Kumaran,6383258049,Student Monthly,18-07-2025,Kamesh,Admin,,EXPIRED,19-06-2025,,,0,558,558
Thajesh,7449048297,Student Monthly,02-06-2025,,Admin,,EXPIRED,03-05-2025,,,0,559,559
Bala Krishnan,9025009138,Student Monthly,02-06-2025,,Admin,,EXPIRED,03-05-2025,,,0,560,560
Akash,9790172494,Student Monthly,05-06-2025,Kamesh,Admin,,EXPIRED,06-05-2025,,,0,561,561
Vennila S,7397036250,Student Monthly,05-07-2025,,Admin,,EXPIRED,09-06-2025,,,0,562,562
Gobika M,7806985132,Student Monthly,26-09-2025,Kamesh,Admin,,EXPIRED,28-08-2025,,,0,563,563
Sharath,9655311122,Monthly pack,05-06-2025,Ezhil,Admin,,EXPIRED,06-05-2025,,,0,564,564
Siva,8939321798,"Student Monthly
 Personal Training Monthly","05-06-2025
 06-06-2025","Kamesh
 Kamesh",Admin,,EXPIRED,"07-05-2025
 07-05-2025",,,"0.00
 0.00",565,565
Vengadesh,8072816459,Monthly pack,18-07-2026,,Admin,,EXPIRED,18-07-2026,,,0,566,566
Rani Rengaraj,9629370206,Monthly pack,04-09-2025,Sankar Raj,Admin,,EXPIRED,06-08-2025,,,0,567,567
Karthik Raja . K,6383693624,Student Monthly,11-06-2025,Kamesh,Admin,,EXPIRED,10-05-2025,,,0,568,568
Mariyappan V,9688078044,Yearly pack,11-05-2027,Ajay,Admin,,ACTIVE,08-09-2026,,,0,569,569
Joshna .J,6374406347,Student Monthly,30-08-2025,Krishnaveni,Admin,,EXPIRED,31-07-2025,,,0,570,570
Akash .S,6383486226,Student Monthly,25-06-2026,Pavi,Admin,,EXPIRED,28-05-2026,,,0,571,571
Hari haran.M,9600878577,Student Monthly,24-06-2026,,Admin,,EXPIRED,25-05-2026,,,0,572,572
Suresh kumar PON,9489156872,friendship pack,14-05-2026,,Admin,,EXPIRED,14-05-2025,,,0,573,573
Pon Shanmuga Priya,9087058742,friendship pack,14-05-2026,,Admin,,EXPIRED,14-05-2025,,,0,574,574
Sankar Ram,7404206711,Student Monthly,11-07-2025,Sankar Raj,Admin,,EXPIRED,10-07-2025,,,0,575,575
Praveen kumar.r,6379132515,Yearly pack,16-06-2026,,Admin,,EXPIRED,25-07-2025,,,0,576,576
Siva Santhose . S,6383580991,Student Monthly,18-06-2025,Kamesh,Admin,,EXPIRED,19-05-2025,,,0,577,577
amar karthik,9894885970,Student Monthly,25-07-2025,Ajay,Admin,,EXPIRED,25-06-2025,,,0,578,578
r.hari prasath,9384288939,Student Monthly,19-06-2025,Ajay,Admin,,EXPIRED,20-05-2025,,,0,579,579
Arasu .R.K,9789149410,Yearly pack,03-07-2026,Kamesh,Admin,,EXPIRED,03-07-2025,,,0,580,580
Suresh Babu .C,7448838991,Monthly pack,20-06-2025,Kamesh,Admin,,EXPIRED,21-05-2025,,,0,581,581
Aravind Kumar.B,9080683787,Student Monthly,20-06-2025,Kamesh,Admin,,EXPIRED,21-05-2025,,,0,582,582
Maharaja .G,6383171011,Student Monthly,20-06-2025,Kamesh,Admin,,EXPIRED,21-05-2025,,,0,583,583
Karthi S,8680018893,Student Monthly,05-08-2025,Ajay,Admin,,EXPIRED,07-08-2025,,,0,584,584
Pooveswari . K,9443121893,"Monthly pack
 Personal Training Monthly","22-06-2025
 22-06-2025","Kamesh
 Kamesh",Admin,,EXPIRED,"23-05-2025
 23-05-2025",,,"0.00
 0.00",585,585
r.jegatheesh,8148549481,Student Monthly,26-06-2025,Ezhil,Admin,,EXPIRED,27-05-2025,,,0,586,586
v.joseph prince,9943415396,Student Monthly,26-06-2025,Ezhil,Admin,,EXPIRED,27-05-2025,,,0,587,587
p. kabilar,9677906412,Student Monthly,03-04-2026,Kamesh,Admin,,EXPIRED,04-03-2026,,,0,588,588
Sreeman .TS,8870466871,Student Monthly,26-06-2025,Kamesh,Admin,,EXPIRED,28-05-2025,,,0,589,589
Aswath Kumar . K,9342587452,Student Monthly,07-08-2025,Kamesh,Admin,,EXPIRED,08-07-2025,,,0,590,590
Amutha,9442353645,Monthly pack,29-06-2025,,Admin,,EXPIRED,30-05-2025,,,0,591,591
Selvadharsini,9487300135,Student Monthly,03-09-2025,Kamesh,Admin,,EXPIRED,04-08-2025,,,0,592,592
Tarun sri darshan,9043237855,Student Monthly,03-07-2025,,Admin,,EXPIRED,03-06-2025,,,0,593,593
Kumaran,7708697458,Yearly pack,03-06-2026,Sankar Raj,,,EXPIRED,03-06-2025,,,0,594,MBR00594
Yoga anand,9677002853,Monthly pack,03-07-2025,,Admin,,EXPIRED,03-06-2025,,,0,595,595
Dhanu Sree.G,8778069405,Student Monthly,08-08-2025,Kamesh,Admin,,EXPIRED,09-07-2025,,,0,596,596
Suganya .R,8531995888,Student Monthly,21-12-2025,Kamesh,Admin,,EXPIRED,22-11-2025,,,0,597,597
Imman sathish,7708996742,Monthly pack,07-07-2025,,Admin,,EXPIRED,07-06-2025,,,0,598,598
Durgaraj,7200066673,Yearly pack,07-06-2026,,Admin,,EXPIRED,07-06-2025,,,0,599,599
Karuppasamy b,7708347491,"3 months Pack
 Personal Training 3 months","24-12-2025
 25-12-2025","Kamesh
 Ajay",Admin,,EXPIRED,"26-09-2025
 26-09-2025",,,"0.00
 0.00",600,600
Palas mondal,8001221365,Monthly pack,09-07-2025,,Admin,Instagram,EXPIRED,09-06-2025,,,0,601,601
Kannabiran,8870186677,,,,Admin,,EXPIRED,,,,,602,602
Raghupathi,9597333446,"Yearly pack
 Personal Training 3 months","09-06-2026
 06-10-2025",Sankar Raj,Admin,,EXPIRED,"09-06-2025
 08-07-2025",,,"0.00
 0.00",603,603
Nirmala devi r,9143333446,"Yearly pack
 Personal Training Monthly","09-06-2026
 28-08-2025",Sankar Raj,Admin,,EXPIRED,"09-06-2025
 29-07-2025",,,"0.00
 0.00",604,604
Aswin .R,7904243004,Student Monthly,10-08-2025,Kamesh,Admin,,EXPIRED,12-07-2025,,,0,605,605
Arunachalam n,8610550402,Student Monthly,12-07-2025,,Admin,,EXPIRED,12-06-2025,,,0,606,606
Harish s,9150915047,Student Monthly,16-08-2025,Ajay,Admin,,EXPIRED,17-07-2025,,,0,607,607
Aswin Kumar,8778273706,Student Monthly,11-07-2025,Kamesh,Admin,,EXPIRED,13-06-2025,,,0,608,608
Valliammal,9042115547,Monthly pack,14-07-2025,Kamesh,Admin,,EXPIRED,14-06-2025,,,0,609,609
Gowtham,6382504776,Student Monthly,09-07-2025,,Admin,,EXPIRED,14-06-2025,,,0,610,610
pradeep krishna.m,7604886309,Student Monthly,14-07-2025,Ajay,Admin,,EXPIRED,14-06-2025,,,0,611,611
hari krishna,8370993404,Student Monthly,14-07-2025,Ajay,Admin,,EXPIRED,14-06-2025,,,0,612,612
KKKC Kannadhaasan,9443536899,3 months Pack,15-09-2025,Kamesh,Admin,,EXPIRED,17-06-2025,,,500,613,613
Yamini .K,7806803007,Student Monthly,20-03-2026,Kamesh,Admin,,EXPIRED,21-02-2026,,,0,614,614
VISHNU,7708577693,Student Monthly,17-07-2025,,Admin,,EXPIRED,17-06-2025,,,0,615,615
ABHINAV,6385823401,Student Monthly,17-07-2025,,Admin,,EXPIRED,17-06-2025,,,0,616,616
Akshaeanraj. S,6379934642,Student Monthly,02-01-2026,Kamesh,Admin,,EXPIRED,05-12-2025,,,0,617,617
Karuppasamy.G,6383687993,Student Monthly,18-07-2025,Kamesh,Admin,,EXPIRED,18-06-2025,,,0,618,618
Siva M,8939089332,"Student Monthly
 Personal Training Monthly","09-11-2025
 16-10-2025","Ajay
 Ajay",Admin,,EXPIRED,"24-09-2025
 16-09-2025",,,"0.00
 0.00",619,619
Sam A L,9087392050,Student Monthly,20-10-2025,Ajay,Admin,,EXPIRED,24-09-2025,,,0,620,620
Mano Balaji K,9894539777,Student Monthly,02-01-2026,Kamesh,Admin,,EXPIRED,02-01-2026,,,0,621,621
Manoj Kumar,9962061598,3 months Pack,18-12-2025,Ajay,Admin,,EXPIRED,20-09-2025,,,0,622,622
Ram Prasath,8667646808,Monthly pack,22-07-2025,,Admin,,EXPIRED,22-06-2025,,,0,623,623
Pavithran,9360500229,Student Monthly,21-07-2025,Ajay,Admin,,EXPIRED,22-06-2025,,,0,624,624
Ramnath,856816261,Student Monthly,22-07-2025,Sankar Raj,Admin,,EXPIRED,22-06-2025,,,0,625,625
Karthik,9342275645,Student Monthly,22-07-2025,Ajay,Admin,,EXPIRED,22-06-2025,,,0,626,626
Saravana perumal,9080399101,Student Monthly,23-07-2025,Sankar Raj,Admin,,EXPIRED,27-06-2025,,,0,627,627
Tharani.B,8778039459,"Monthly pack
 Personal Training Monthly","28-09-2025
 28-09-2025","Ajay
 Ajay",Admin,,EXPIRED,"29-08-2025
 29-08-2025",,,"0.00
 0.00",628,628
Harish Raghav,7550011740,"Student Monthly
 Personal Training Monthly","28-11-2025
 18-09-2026",Madhan,Admin,,ACTIVE,"05-08-2026
 05-08-2026",,,"0.00
 0.00",629,629
G.Anandharaj,8870105664,"Monthly pack
 Personal Training Monthly","28-07-2025
 31-07-2025",Krishnaveni,Admin,,EXPIRED,"28-06-2025
 02-07-2025",,,"0.00
 3000.00",630,630
R Ayyan raj,9944664159,Monthly pack,30-07-2025,Kamesh,Admin,,EXPIRED,30-06-2025,,,0,631,631
Priya.E,8610232310,"Yearly pack
 Personal Training 3 months","30-01-2027
 29-01-2026","Kamesh
 Kamesh",Admin,,ACTIVE,"30-01-2026
 31-10-2025",,,"0.00
 0.00",632,632
Abinash A,6374498529,Student Monthly,01-08-2025,Kamesh,Admin,,EXPIRED,02-07-2025,,,0,633,633
Rathinavel,9619149120,Yearly pack,25-04-2027,Ajay,Admin,,ACTIVE,27-04-2026,,,0,634,634
Deva Dharshini,9677254760,"3 months Pack
 Personal Training 3 months","02-11-2025
 06-11-2025","Kamesh
 Kamesh",Admin,,EXPIRED,"08-08-2025
 08-08-2025",,,"0.00
 0.00",635,635
harini K,9600863036,Student Monthly,27-05-2026,Krishnaveni,Admin,,EXPIRED,14-04-2026,,,0,636,636
Sanjai. S,9344447693,Student Monthly,07-08-2025,Kamesh,Admin,,EXPIRED,08-07-2025,,,0,637,637
Mihesh V,9566776755,Student Monthly,06-08-2025,Sankar Raj,Admin,,EXPIRED,08-07-2025,,,0,638,638
Karthikeyan .G,8778243579,Student Monthly,08-08-2025,Kamesh,Admin,,EXPIRED,09-07-2025,,,0,639,639
shenbagaraj.T,8124805479,Student Monthly,08-08-2025,Kamesh,Admin,,EXPIRED,09-07-2025,,,0,640,640
Shankar.V,9952348558,Student Monthly,08-08-2025,Kamesh,Admin,,EXPIRED,09-07-2025,,,0,641,641
suriya sarath,8248857767,Student Monthly,07-12-2025,Kamesh,Admin,,EXPIRED,06-11-2025,,,0,642,642
Gunalan,8098596723,3 months Pack,08-10-2025,Ajay,Admin,,EXPIRED,11-07-2025,,,0,643,643
varun,8248389146,"Yearly pack
 Personal Training Monthly","16-08-2026
 05-12-2025","Krishnaveni
 Kamesh",Admin,,EXPIRED,"16-08-2025
 05-11-2025",,,"0.00
 0.00",644,644
Mari Muthu .V,8870258791,"Student Monthly
 Personal Training Monthly","09-11-2025
 10-10-2025","Ajay
 Ajay",Admin,,EXPIRED,"24-09-2025
 10-09-2025",,,"0.00
 0.00",645,645
Deepak,9884351498,Monthly pack,14-08-2025,Ajay,Admin,,EXPIRED,15-07-2025,,,0,646,646
Venkadesh,6381724435,Monthly pack,14-08-2025,Kamesh,Admin,,EXPIRED,15-07-2025,,,0,648,648
Rahul Krishna,7539945883,Student Monthly,14-09-2025,Kamesh,Admin,,EXPIRED,01-09-2025,,,0,649,649
Sidharth,9489355765,Student Monthly,17-08-2025,Kamesh,Admin,,EXPIRED,18-07-2025,,,0,650,650
Bharath,6382421509,Student Monthly,21-09-2026,Ajay,Admin,,ACTIVE,11-08-2026,,,0,651,651
Siva Sankar.V,8300122075,Student Monthly,11-10-2025,Kamesh,Admin,,EXPIRED,13-09-2025,,,0,652,652
Joushuva Immanuvel.J,7358833188,"Monthly pack
 Personal Training Monthly","21-08-2025
 21-08-2025","Ajay
 Ajay",Admin,,EXPIRED,"22-07-2025
 22-07-2025",,,"0.00
 0.00",653,653
Ramaiya.K,8122229669,90 Days Challenge,22-10-2025,Madhan,Admin,,EXPIRED,24-07-2025,,,0,654,654
Parvathi.RR,9344643229,Yearly pack,24-07-2026,Kamesh,Admin,,EXPIRED,24-07-2025,,,8000,655,655
Bhavani.B,7397036118,Monthly pack,24-08-2025,Kamesh,Admin,,EXPIRED,25-07-2025,,,0,656,656
Lalit Kumar,9351964418,3 months Pack,30-12-2025,Kamesh,Admin,,EXPIRED,01-10-2025,,,0,657,657
Sangeetha Kumar R,9080029622,Student Monthly,30-08-2025,Sankar Raj,Admin,,EXPIRED,31-07-2025,,,0,658,658
Suveda .k,6382095385,"Monthly pack
 Personal Training Monthly","25-01-2026
 25-01-2026","Kamesh
 Kamesh",Admin,,EXPIRED,"26-12-2025
 26-12-2025",,,"0.00
 0.00",659,659
Ganesh prabu,8248810502,Student Monthly,30-08-2025,Sankar Raj,Admin,,EXPIRED,31-07-2025,,,0,660,660
Selva Sundaram . M.K,9962875423,90 Days Challenge,29-10-2025,Ajay,Admin,,EXPIRED,01-08-2025,,,14000,661,661
Padmini.S,7598117322,"Yearly pack
 PT 6 months","03-01-2027
 02-07-2026","Kamesh
 Kamesh",Admin,,ACTIVE,"03-01-2026
 03-01-2026",,,"0.00
 0.00",662,662
Mathan Rahul.S,9842103414,Student Monthly,01-09-2025,Kamesh,Admin,,EXPIRED,02-08-2025,,,0,663,663
Arun Murugan.M,9025169870,Monthly pack,01-09-2025,Kamesh,Admin,,EXPIRED,02-08-2025,,,0,664,664
Prashanth Kumar .R,9952522373,"3 months Pack
 Personal Training 3 months","02-11-2025
 02-11-2025","Kamesh
 Kamesh",Admin,,EXPIRED,"04-08-2025
 04-08-2025",,,"0.00
 0.00",665,665
Abinaya.G,9080472151,"3 months Pack
 Personal Training 3 months","02-11-2025
 02-11-2025","Krishnaveni
 Krishnaveni",Admin,,EXPIRED,"04-08-2025
 04-08-2025",,,"0.00
 0.00",666,666
Harini.S,9585523920,Student Monthly,04-09-2025,Kamesh,Admin,,EXPIRED,05-08-2025,,,0,667,667
Navaneetha Krishnan,6382650955,Yearly pack,05-08-2027,Ajay,Admin,,ACTIVE,07-09-2026,,,0,668,668
Sowmini,8148972733,Yearly pack,06-08-2026,,Admin,,EXPIRED,06-08-2025,,,0,669,669
Gururaj.R,9500536994,Yearly pack,06-08-2026,Sankar Raj,Admin,,EXPIRED,06-08-2025,,,0,670,670
Kumar,9122949652,Student Monthly,21-03-2026,Kamesh,Admin,,EXPIRED,21-02-2026,,,250,671,671
Subiramani.G,6381986147,Monthly pack,10-09-2025,Kamesh,Admin,,EXPIRED,11-08-2025,,,0,672,672
Hari Haran.N,9443123294,"Yearly pack
 PT YEARLY","31-10-2026
 31-10-2026","Sankar Raj
 Sankar Raj",Admin,,ACTIVE,"04-11-2025
 04-11-2025",,,"0.00
 0.00",673,673
Gokula Krishna,6369403862,Student Monthly,22-02-2026,Kamesh,Admin,,EXPIRED,23-01-2026,,,0,674,674
Vishnu Priya.S,9345186087,3 months Pack,10-11-2025,Krishnaveni,Admin,,EXPIRED,12-08-2025,,,0,675,675
Silviya Thiresa .A,8110880172,Monthly pack,05-01-2026,Kamesh,Admin,,EXPIRED,06-12-2025,,,0,676,676
Nidhish Kumar,6375902080,Student Monthly,12-09-2025,Ajay,Admin,,EXPIRED,13-08-2025,,,0,677,677
Sundari.S,8667851878,Monthly pack,12-09-2025,Ajay,Admin,,EXPIRED,13-08-2025,,,0,678,678
Padma Priya.V,9600743223,"Monthly pack
 Personal Training Monthly","17-09-2025
 17-09-2025","Kamesh
 Madhan",Admin,,EXPIRED,"18-08-2025
 18-08-2025",,,"0.00
 0.00",679,679
Vignesh,9597002528,Monthly pack,03-12-2025,Ajay,Admin,,EXPIRED,03-11-2025,,,0,680,680
Archana .G,9677404997,Student Monthly,20-09-2025,Krishnaveni,Admin,,EXPIRED,21-08-2025,,,0,681,681
Jayaram,8870129770,Yearly pack,24-12-2026,Kamesh,Admin,,ACTIVE,24-12-2025,,,0,682,682
Angelin Anu Abraham.T,9486411227,Monthly pack,27-09-2025,Kamesh,Admin,,EXPIRED,29-08-2025,,,0,683,683
Usha.M,7395860411,Monthly pack,23-08-2026,Priya,Admin,,EXPIRED,31-08-2026,24-07-2026,25-07-2026,0,684,684
Parasuraman,9042127556,3 months Pack,30-11-2025,Kamesh,Admin,,EXPIRED,01-09-2025,,,0,685,685
kalaishri k,6380157393,"Student Monthly
 Personal Training Monthly","02-10-2025
 02-10-2025","Kamesh
 Kamesh",Admin,,EXPIRED,"04-09-2025
 04-09-2025",,,"0.00
 0.00",686,686
Kabilar.P,9486150989,Student Monthly,02-10-2025,Ajay,Admin,,EXPIRED,05-09-2025,,,0,687,687
Aiyyadurai,7904526133,Yearly pack,05-09-2026,Madhan,Admin,,EXPIRED,05-09-2025,,,0,688,688
Jhansi Joseph,9965850566,Monthly pack,08-10-2025,Krishnaveni,Admin,,EXPIRED,08-09-2025,,,0,689,689
Divya,9047475859,Student Monthly,13-11-2025,Sankar Raj,Admin,,EXPIRED,14-10-2025,,,0,690,690
Ajith Kumar,7010104891,Yearly pack,08-09-2026,Krishnaveni,Admin,,EXPIRED,09-09-2025,,,0,691,691
Sakthi ganesh.l,8683995538,Student Monthly,19-06-2026,,Admin,,EXPIRED,24-05-2026,,,0,692,692
Jowahor,9629568371,Monthly pack,27-01-2026,Kamesh,Admin,,EXPIRED,30-12-2025,,,0,693,693
Padma priya,8220558500,Student Monthly,13-10-2025,,Admin,,EXPIRED,13-09-2025,,,0,694,694
Renuga,8778275770,Student Monthly,13-10-2025,,Admin,,EXPIRED,13-09-2025,,,0,695,695
Belvin raj,6382462919,Cross fit ( MonthlyPack),15-09-2025,Madhan,Admin,,EXPIRED,13-09-2025,,,800,696,696
Sai Ram .A,9686590428,Student Monthly,14-05-2026,Madhan,Admin,,EXPIRED,14-04-2026,,,0,697,697
Johan Prabhakaran . G,9344717605,Monthly pack,16-10-2025,Ajay,Admin,,EXPIRED,16-09-2025,,,0,698,698
Saranya.V,9360273312,Student Monthly,16-10-2025,Kamesh,Admin,,EXPIRED,16-09-2025,,,0,699,699
Triveni.D,8870204895,"Yearly pack
 Personal Training Monthly","16-10-2026
 16-10-2025","Kamesh
 Kamesh",Admin,,ACTIVE,"15-10-2025
 16-09-2025",,,"0.00
 0.00",700,700
Monika.T,9791730990,3 months Pack,06-10-2026,,Admin,,ACTIVE,08-07-2026,,,0,701,701
Karthik,9095917373,Monthly pack,16-10-2025,Kamesh,Admin,,EXPIRED,16-09-2025,,,0,702,702
Venkatesh J,9940788080,Online Training 3 months pack,16-12-2025,Madhan,Admin,,EXPIRED,16-09-2025,,,0,703,703
Ansari,9520435492,Monthly pack,26-12-2025,Kamesh,Admin,,EXPIRED,27-11-2025,,,0,704,704
Asraf,9928315883,Monthly pack,22-11-2025,Kamesh,Admin,,EXPIRED,24-10-2025,,,0,705,705
Bala Subramanian,7010039423,Student Monthly,17-10-2025,Kamesh,Admin,,EXPIRED,17-09-2025,,,0,706,706
Manoj Kumar. M,6383879094,Yearly pack,18-09-2026,Sankar Raj,Admin,,ACTIVE,18-09-2025,,,0,707,707
Rekha,7904994278,"Monthly pack
 Personal Training Monthly","18-10-2025
 17-10-2025","Sankar Raj
 Sankar Raj",Admin,,EXPIRED,"18-09-2025
 18-09-2025",,,"0.00
 0.00",708,708
Karthik Raja,6380241946,Monthly pack,18-10-2025,Kamesh,Admin,,EXPIRED,18-09-2025,,,0,709,709
Ramachandran .K,9976077009,Monthly pack,23-10-2025,Ajay,Admin,,EXPIRED,23-09-2025,,,0,710,710
Vijaya Lakshmi,7708008742,Monthly pack,03-08-2026,Priya,Admin,,EXPIRED,08-07-2026,,,0,711,711
Maharaja .M,9600519985,Student Monthly,24-10-2025,Sankar Raj,Admin,,EXPIRED,24-09-2025,,,500,712,712
Aswin devaraj .N,7418530997,Student Monthly,11-12-2025,Kamesh,Admin,,EXPIRED,12-11-2025,,,0,713,713
Stanley,8300619585,Monthly pack,25-10-2025,Sankar Raj,Admin,,EXPIRED,26-09-2025,,,0,714,714
Mari Kannan.R,8637436136,Student Monthly,29-10-2025,Kamesh,Admin,,EXPIRED,29-09-2025,,,500,715,715
Balaji.A,9944172518,Student Monthly,29-10-2025,Kamesh,Admin,,EXPIRED,29-09-2025,,,500,716,716
Raja .M,7010426213,Student Monthly,04-08-2026,Ajay,Admin,,EXPIRED,04-07-2026,,,0,717,717
Gnana Gangadharan,9994340269,Monthly pack,29-10-2025,Kamesh,Admin,,EXPIRED,30-09-2025,,,0,718,718
Muthu prasad,9945512140,"3 months Pack
 Personal Training 3 months","03-05-2026
 03-05-2026","Kamesh
 Kamesh",Admin,,EXPIRED,"02-02-2026
 02-02-2026",,,"0.00
 0.00",719,719
Arun Kumar,8608342796,3 months Pack,29-12-2025,Kamesh,Admin,,EXPIRED,03-10-2025,,,0,720,720
Raj Kumar . R,8838016294,Student Monthly,06-01-2026,Kamesh,Admin,,EXPIRED,05-12-2025,,,0,721,721
Mari Muthu,9566451339,Student Monthly,06-01-2026,Kamesh,Admin,,EXPIRED,05-12-2025,,,0,722,722
Dinesh Kumar,9500813494,Monthly pack,10-12-2025,Ajay,Admin,,EXPIRED,10-11-2025,,,0,723,723
Sudalai Mani,9786400290,Yearly pack,06-10-2026,Kamesh,Admin,,ACTIVE,06-10-2025,,,0,724,724
Kaleeswaran.P,8248129660,Yearly pack,22-05-2027,Ajay,Admin,,ACTIVE,29-05-2026,,,0,725,725
Nandhini.L,9524113995,"Yearly pack
 Personal Training 3 months","06-06-2027
 07-04-2026","Priya
 Kamesh",Admin,,ACTIVE,"21-07-2026
 07-01-2026",,,"0.00
 0.00",726,726
Deepa,9384135673,Monthly pack,05-06-2026,,Admin,,EXPIRED,06-05-2026,,,0,727,727
Abu,8637627788,Student Monthly,01-07-2026,Ajay,Admin,,EXPIRED,03-06-2026,,,0,728,728
Siva kumar,8056066370,Yearly pack,13-10-2026,Ajay,Admin,,EXPIRED,13-10-2025,,,2000,729,729
Mohan Babu . M,8919684781,CrossFit Pack,24-01-2026,Kamesh,Admin,,EXPIRED,25-12-2025,,,0,730,730
Nithin,8072094140,Student Monthly,12-04-2026,Kamesh,Admin,,EXPIRED,12-03-2026,,,0,731,731
Muthu Ramalingam .M,9715265060,Monthly pack,23-11-2025,Ajay,Admin,,EXPIRED,24-10-2025,,,0,732,732
Muthu Kumar .K,8220986144,"Yearly pack
 2,Month PT","23-10-2026
 10-10-2026","Madhan
 Ajay",Admin,,ACTIVE,"24-10-2025
 09-08-2026",,,"0.00
 0.00",733,733
Amir,8191802168,Student Monthly,23-11-2025,,Admin,,EXPIRED,24-10-2025,,,0,734,734
Suriya Narayanan,8610524199,Student Monthly,08-01-2026,Kamesh,Admin,,EXPIRED,09-12-2025,,,0,735,735
Siva R,9003067971,Monthly pack,03-12-2025,Krishnaveni,Admin,,EXPIRED,03-11-2025,,,0,736,736
Kiruthika,9600566899,Student Monthly,03-12-2025,,Admin,,EXPIRED,03-11-2025,,,0,737,737
Rani Devi,7010384636,Monthly pack,03-12-2025,Krishnaveni,Admin,,EXPIRED,03-11-2025,,,0,738,738
Riya,9952012321,"Student Monthly
 Personal Training Monthly","05-12-2025
 05-12-2025","Kamesh
 Kamesh",Admin,,EXPIRED,"05-11-2025
 05-11-2025",,,"0.00
 0.00",739,739
Dr. sreedharan nampoothiri.S,9495037168,Monthly pack,31-05-2026,Ajay,Admin,,EXPIRED,02-05-2026,,,0,740,740
Giri Prasad.V,8754937094,"Monthly pack
 Personal Training Monthly","06-12-2025
 06-12-2025","Ajay
 Kamesh",Admin,,EXPIRED,"06-11-2025
 06-11-2025",,,"0.00
 0.00",741,741
Varshini.S,8148743821,Student Monthly,06-12-2025,Kamesh,Admin,,EXPIRED,06-11-2025,,,0,742,742
Aishwarya.S,7092628621,Monthly pack,06-12-2025,Kamesh,Admin,,EXPIRED,06-11-2025,,,0,743,743
Vignesh,9840932113,Student Monthly,11-03-2026,,Admin,,EXPIRED,10-03-2026,,,0,744,744
Prakesh .J,7010387051,3 months Pack,06-02-2026,Kamesh,Admin,,EXPIRED,08-11-2025,,,0,745,745
Vishnu .S,9943280998,Monthly pack,08-12-2025,Kamesh,Admin,,EXPIRED,08-11-2025,,,0,746,746
Guruvel murusan,7708021078,"Monthly pack
 Personal Training Monthly","11-03-2026
 11-03-2026","Ajay
 Ajay",Admin,,EXPIRED,"12-01-2026
 24-01-2026",,,"0.00
 3000.00",747,747
Saranya.S,9944387950,Yearly pack,10-11-2026,Kamesh,Admin,,ACTIVE,10-11-2025,,,2000,748,748
Prithiviraj .M,8610409790,Student Monthly,15-01-2026,Kamesh,Admin,,EXPIRED,16-12-2025,,,0,749,749
Suthakar.S,9840942824,"Monthly pack
 Personal Training Monthly","17-12-2025
 17-12-2025","Kamesh
 Kamesh",Admin,,EXPIRED,"17-11-2025
 17-11-2025",,,"0.00
 0.00",750,750
Aksaya.S,9894785563,Student Monthly,17-12-2025,Kamesh,Admin,,EXPIRED,17-11-2025,,,0,751,751
Anitha . V,7010860503,Monthly pack,16-01-2026,Krishnaveni,Admin,,EXPIRED,15-12-2025,,,0,752,752
Maheshwari.M,7094576363,3 months Pack,16-02-2026,Kamesh,Admin,,EXPIRED,18-11-2025,,,0,753,753
Chinna Maharaja,9486871532,Monthly pack,18-12-2025,Kamesh,Admin,,EXPIRED,18-11-2025,,,0,754,754
Shaver,9560233080,Monthly pack,18-12-2025,Kamesh,Admin,,EXPIRED,19-11-2025,,,0,755,755
Chitradevi,9789594548,"Monthly pack
 Personal Training Monthly","20-12-2025
 20-12-2025","Krishnaveni
 Krishnaveni",Admin,,EXPIRED,"20-11-2025
 20-11-2025",,,"0.00
 0.00",756,756
Karthikeyan,9791811907,Monthly pack,21-12-2025,Kamesh,Admin,,EXPIRED,21-11-2025,,,0,757,757
Pradeep .AN,8012982244,Yearly pack,22-11-2026,Kamesh,Admin,,ACTIVE,22-11-2025,,,0,758,758
Pavithra,8778141832,Monthly pack,22-12-2025,Madhan,Admin,,EXPIRED,22-11-2025,,,0,759,759
Arul Selvi.S,8056563381,Monthly pack,05-04-2026,Kamesh,Admin,,EXPIRED,06-03-2026,,,0,760,760
Kalamani.B,9025757446,Monthly pack,25-12-2025,Kamesh,Admin,,EXPIRED,24-11-2025,,,0,761,761
Surya,9361315679,Monthly pack,04-02-2026,Kamesh,Admin,,EXPIRED,05-01-2026,,,0,762,762
Muruga Lakshmi.K,9488763543,3 months Pack,26-10-2026,Priya,Admin,,EXPIRED,27-07-2026,,,0,763,763
antony jenifer .J,8903267442,Monthly pack,31-12-2025,Kamesh,Admin,,EXPIRED,01-12-2025,,,0,764,764
Karuppasamy.M,8124538953,Yearly pack,02-12-2026,Madhan,Admin,,ACTIVE,02-12-2025,,,0,765,765
Raja Sekar.S,8124473027,Yearly pack,02-12-2026,Kamesh,Admin,Instagram,ACTIVE,02-12-2025,,,6000,766,766
Sudalai Muthuraj.A,7603930669,Monthly pack,05-02-2026,Kamesh,Admin,,EXPIRED,06-01-2026,,,0,767,767
Praveen . K,9597563274,Yearly pack,08-01-2027,Kamesh,Admin,,ACTIVE,06-01-2026,,,0,768,768
Mari Thangam,9994137006,Monthly pack,08-01-2026,Kamesh,Admin,,EXPIRED,09-12-2025,,,0,769,769
Prathap,7010037234,Monthly pack,20-02-2026,Sankar Raj,Admin,,EXPIRED,27-04-2026,,,0,770,770
Rahul Kumar,6202277040,Monthly pack,10-01-2026,Kamesh,Admin,,EXPIRED,11-12-2025,,,0,771,771
Das Iyyanraj,9843430191,Student Monthly,11-01-2026,Kamesh,Admin,,EXPIRED,12-12-2025,,,0,772,772
Sridharan,7339694153,Student Monthly,11-01-2026,Krishnaveni,Admin,,EXPIRED,13-12-2025,,,0,773,773
Mathesh,9095329174,Student Monthly,14-01-2026,Kamesh,Admin,,EXPIRED,15-12-2025,,,0,774,774
Karthick Kumar,9363112415,Student Monthly,14-01-2026,Kamesh,Admin,,EXPIRED,15-12-2025,,,600,775,775
Sathiyaa,9361882550,Monthly pack,26-03-2026,Krishnaveni,Admin,,EXPIRED,27-04-2026,,,0,776,776
Jaya Lakshmi,8870731713,Monthly pack,18-01-2026,Kamesh,Admin,,EXPIRED,20-12-2025,,,0,777,777
Vidya .S,8973950919,5 Months,20-12-2025,Kamesh,Admin,,EXPIRED,21-12-2025,,,0,778,778
Manikandan .M,8883333259,Yearly pack,20-12-2026,Kamesh,Admin,,ACTIVE,21-12-2025,,,0,779,779
Dhanapla.s,7200532871,Yearly pack,23-12-2026,Ajay,Admin,,ACTIVE,23-12-2025,,,0,780,780
M.Balamaheswari,9486640174,Yearly pack,30-12-2026,Ajay,Admin,,ACTIVE,23-12-2025,,,10000,781,781
A.celestiha,9443507494,Student Monthly,22-01-2026,Madhan,Admin,,EXPIRED,23-12-2025,,,0,782,782
Suthakar,9940942824,"Monthly pack
 Personal Training Monthly","25-01-2026
 25-01-2026","Ajay
 Kamesh",Admin,,EXPIRED,"26-12-2025
 26-12-2025",,,"0.00
 0.00",783,783
Jeya Harshan,9952381063,Yearly pack,30-12-2026,Kamesh,Admin,,ACTIVE,30-12-2025,,,0,784,784
Bala Bhubaneshwaran,9940956975,Monthly pack,27-01-2026,Kamesh,Admin,,EXPIRED,30-12-2025,,,0,785,785
Sathish.G,6382664137,Yearly pack,01-01-2027,Kamesh,Admin,,ACTIVE,01-01-2026,,,0,786,786
Gowsalya.M,6382790696,Monthly pack,31-01-2026,Kamesh,Admin,,EXPIRED,01-01-2026,,,0,787,787
Jeeva,9345559899,Yearly pack,01-01-2027,Kamesh,Admin,,ACTIVE,02-01-2026,,,0,788,788
Balaji.a,9940332255,Yearly pack,01-01-2027,,Admin,,ACTIVE,02-01-2026,,,0,789,789
Kamakshi.A,9488831455,Yearly pack,02-01-2027,Kamesh,Admin,,ACTIVE,03-01-2026,,,999,790,790
Ajithkumar.G,8838648853,Yearly pack,02-01-2027,Sankar Raj,Admin,,ACTIVE,03-01-2026,,,0,791,791
Sounthar Rajan.M,8778288105,Student Monthly,02-02-2026,Kamesh,Admin,,EXPIRED,03-01-2026,,,0,792,792
Mathan Raj.A,9025889762,Monthly pack,02-02-2026,Ajay,Admin,,EXPIRED,03-01-2026,,,0,793,793
Anusaya,9025967421,"Yearly pack
 Personal Training Monthly","05-01-2027
 23-02-2026","Kamesh
 Kamesh",Admin,,ACTIVE,"05-01-2026
 24-01-2026",,,"0.00
 0.00",794,794
Dhaneshwaran,8072920495,Yearly pack,05-01-2027,Kamesh,Admin,,ACTIVE,06-01-2026,,,0,795,795
Raj Kumar.M,9944109722,Yearly pack,06-01-2027,Kamesh,Admin,,ACTIVE,06-01-2026,,,0,796,796
Vijay,9566928753,Yearly pack,06-01-2027,Kamesh,Admin,,ACTIVE,06-01-2026,,,0,797,797
Priyadharshini,8807739349,Yearly pack,06-01-2027,Kamesh,Admin,,ACTIVE,06-01-2026,,,0,798,798
Merry,6379612124,Monthly pack,05-02-2026,Kamesh,Admin,,EXPIRED,06-01-2026,,,0,799,799
Muthu kumar.P,9080623162,5 Months,08-06-2026,Kamesh,Admin,,EXPIRED,07-01-2026,,,3500,800,800
Vivekanand,9941749025,Monthly pack,07-02-2026,Kamesh,Admin,,EXPIRED,09-01-2026,,,0,801,801
Ashok Kumar.R,9894776405,Yearly pack,04-05-2027,Ajay,Admin,,ACTIVE,05-05-2026,,,0,802,802
Karthiga Selvi,6369038686,Yearly pack,13-02-2027,Kamesh,Admin,,ACTIVE,12-02-2026,,,0,803,803
Sathish Kumar,9894462485,Monthly pack,18-02-2026,Kamesh,Admin,,EXPIRED,19-01-2026,,,0,804,804
Rosylin grace,8838563389,Student Monthly,19-02-2026,Kamesh,Admin,,EXPIRED,21-01-2026,,,0,805,805
Parvathi.A,8838741442,Monthly pack,20-02-2026,Kamesh,Admin,,EXPIRED,21-01-2026,,,0,806,806
Gayathri. S,7540022775,"3 months Pack
 Personal Training 3 months","23-04-2026
 23-04-2026","Kamesh
 Kamesh",Admin,,EXPIRED,"23-01-2026
 23-01-2026",,,"0.00
 5000.00",808,808
Susai Raj,9715473676,Monthly pack,03-03-2026,Kamesh,Admin,,EXPIRED,01-02-2026,,,0,809,809
Suriya Narayanan,6382034573,Yearly pack,01-02-2027,Kamesh,Admin,,ACTIVE,01-02-2026,,,0,810,810
Muthu Divya,8122667435,Student Monthly,03-03-2026,Kamesh,Admin,,EXPIRED,01-02-2026,,,0,811,811
Vijaya Pandaiyan,9363248075,Student Monthly,03-03-2026,Kamesh,Admin,,EXPIRED,01-02-2026,,,0,812,812
Ayyadurai,9025386346,Student Monthly,03-03-2026,Kamesh,Admin,,EXPIRED,01-02-2026,,,0,813,813
Murugeswari,9344864479,"Yearly pack
 Personal Training 3 months","03-06-2027
 02-05-2026","Krishnaveni
 Kamesh",Admin,,ACTIVE,"03-06-2026
 01-02-2026",,,"0.00
 0.00",814,814
Amsalaka,8838843506,"Yearly pack
 Personal Training Monthly","21-05-2027
 05-04-2026","Krishnaveni
 Kamesh",Admin,,ACTIVE,"25-05-2026
 01-02-2026",,,"0.00
 0.00",815,815
Selvi.S,8015344349,Student Monthly,04-03-2026,Kamesh,Admin,Instagram,EXPIRED,02-02-2026,,,0,816,816
Karthi .G.N,6385663031,Monthly pack,13-05-2026,Ajay,Admin,Instagram,EXPIRED,14-04-2026,,,0,817,817
Sathish.G,6369589885,Student Monthly,06-04-2026,Kamesh,Admin,Instagram,EXPIRED,07-03-2026,,,0,818,818
Rameshkannan,7708581272,Yearly pack,03-02-2027,Kamesh,Admin,,ACTIVE,04-02-2026,,,0,819,819
Surya Prakesh,9790213173,Student Monthly,06-03-2026,Kamesh,Admin,,EXPIRED,04-02-2026,,,0,820,820
Muruga Lakshmi.S,8056175318,Student Monthly,06-03-2026,Kamesh,Admin,,EXPIRED,04-02-2026,,,0,821,821
Velselvam,6389344713,Monthly pack,06-03-2026,Kamesh,Admin,,EXPIRED,04-02-2026,,,0,822,822
Jega Jothi,9600920478,Jega Jothi,03-04-2026,Sankar Raj,Admin,,EXPIRED,10-03-2026,,,0,823,823
Suresh,9566467530,Student Monthly,14-06-2026,Ajay,Admin,,EXPIRED,16-05-2026,,,0,824,824
Henry Selvam,7305364476,Monthly pack,08-03-2026,Kamesh,Admin,,EXPIRED,07-02-2026,,,0,825,825
Janani,8220560994,Monthly pack,11-03-2026,Kamesh,Admin,,EXPIRED,10-02-2026,,,0,826,826
Priya,9629776769,Monthly pack,11-03-2026,Kamesh,Admin,,EXPIRED,10-02-2026,,,0,827,827
Arunkumar,9629675663,Monthly pack,10-04-2026,Krishnaveni,Admin,,EXPIRED,11-03-2026,,,0,828,828
kannapiraan,887018667,Monthly pack,13-03-2026,Kamesh,Admin,,EXPIRED,11-02-2026,,,0,829,829
Karthick,6382673512,Monthly pack,13-03-2026,Kamesh,Admin,,EXPIRED,12-02-2026,,,0,830,830
Mahalakshmi,7904863582,Monthly pack,16-09-2026,,Admin,,ACTIVE,17-08-2026,,,0,831,831
Kanaga Lakshmi,9500263816,Monthly pack,11-06-2026,,Admin,,EXPIRED,04-09-2026,,,0,832,832
Vishnu Kumar,9791692075,Monthly pack,15-03-2026,Kamesh,Admin,,EXPIRED,17-02-2026,,,0,833,833
Mani shankar,6382934535,Student Monthly,19-03-2026,Kamesh,Admin,,EXPIRED,17-02-2026,,,0,834,834
Pandia Raj,9944050311,"Monthly pack
 Personal Training Monthly","20-03-2026
 23-03-2026","Kamesh
 Kamesh",Admin,,EXPIRED,"18-02-2026
 21-02-2026",,,"0.00
 0.00",835,835
Manthira Moorthy,8072401379,Monthly pack,20-03-2026,Kamesh,Admin,,EXPIRED,18-02-2026,,,0,836,836
Keerthika .R,9894774923,Student Monthly,23-03-2026,Kamesh,Admin,,EXPIRED,21-02-2026,,,0,837,837
Karthikiyan .M,9942440777,Student Monthly,23-03-2026,Kamesh,Admin,,EXPIRED,21-02-2026,,,0,838,838
Kodeeswaran,9361396706,"Monthly pack
 Personal Training Monthly","04-09-2026
 06-07-2026","Ajay
 Ajay",Admin,,EXPIRED,"05-09-2026
 05-06-2026",,,"0.00
 0.00",839,839
Nekitha Ramesh,9994113940,"Student Monthly
 Personal Training Monthly","23-03-2026
 23-03-2026","Kamesh
 Kamesh",Admin,,EXPIRED,"23-02-2026
 23-02-2026",,,"0.00
 0.00",840,840
Selvam,9790182976,Monthly pack,25-03-2026,Kamesh,Admin,,EXPIRED,23-02-2026,,,0,841,841
Sudhakar,875467978,Monthly pack,25-03-2026,Kamesh,Admin,,EXPIRED,23-02-2026,,,0,842,842
Thanga maniappan,9976614793,Yearly pack,14-05-2027,Pavi,Admin,,ACTIVE,16-05-2026,,,0,843,843
Kumaresan,9750694578,Monthly pack,29-03-2026,Kamesh,Admin,,EXPIRED,27-02-2026,,,0,844,844
Seenivasan,8220656068,Student Monthly,29-03-2026,Kamesh,Admin,,EXPIRED,27-02-2026,,,0,845,845
Dharmalakshmi,9003758845,3 months Pack,25-05-2026,Kamesh,Admin,,EXPIRED,27-02-2026,,,0,846,846
Aparna,9344413120,Monthly pack,01-04-2026,Kamesh,Admin,,EXPIRED,02-03-2026,,,0,847,847
Hari vignesh,9976350940,Monthly pack,01-04-2026,Kamesh,Admin,,EXPIRED,02-03-2026,,,0,848,848
Ravi Kumar,9597883882,Monthly pack,02-04-2026,Kamesh,Admin,,EXPIRED,03-03-2026,,,0,849,849
Arun Kumar,6380539927,Student Monthly,02-04-2026,Kamesh,Admin,,EXPIRED,03-03-2026,,,0,850,850
Prakash Rajasekar,9342525162,Yearly pack,04-03-2027,Kamesh,Admin,,ACTIVE,04-03-2026,,,0,851,851
Velselvam,6384344713,Monthly pack,05-04-2026,Kamesh,Admin,,EXPIRED,06-03-2026,,,0,852,852
Hari,7305579560,Yearly pack,06-03-2027,Kamesh,Admin,,ACTIVE,06-03-2026,,,0,853,853
Mathan,9043463078,Student Monthly,05-05-2026,Ajay,Admin,,EXPIRED,27-04-2026,,,0,854,854
Mari selvam,8754619178,Student Monthly,05-05-2026,Krishnaveni,Admin,,EXPIRED,27-04-2026,,,0,855,855
Dakshna Kumar.G S,8870889161,Monthly pack,05-04-2026,Kamesh,Admin,,EXPIRED,06-03-2026,,,0,856,856
Yalini,9597766674,Monthly pack,02-04-2026,Kamesh,Admin,,EXPIRED,06-03-2026,,,0,857,857
Saran,8072500151,Monthly pack,02-04-2026,Kamesh,Admin,,EXPIRED,06-03-2026,,,0,858,858
manikandan,9677936232,Monthly pack,02-04-2026,Kamesh,Admin,,EXPIRED,06-03-2026,,,0,859,859
Mariammal,8903079921,"Monthly pack
 Personal Training Monthly","18-06-2026
 05-04-2026","Krishnaveni
 Kamesh",Admin,,EXPIRED,"22-05-2026
 06-03-2026",,,"0.00
 0.00",860,860
Malathi m,7305390139,Student Monthly,09-04-2026,Kamesh,Admin,,EXPIRED,10-03-2026,,,0,861,861
Sindhu s,9500709540,Student Monthly,09-05-2026,Kamesh,Admin,,EXPIRED,10-03-2026,,,0,862,862
Gajendran T,9498197527,Student Monthly,10-05-2026,,Admin,,EXPIRED,14-04-2026,,,0,863,863
Kiran viswa,9345484203,Student Monthly,09-04-2026,Kamesh,Admin,,EXPIRED,10-03-2026,,,0,864,864
Rathi,9443868564,Student Monthly,09-05-2026,Kamesh,Admin,,EXPIRED,14-04-2026,,,0,865,865
Kv gobinath,8015718531,Student Monthly,10-04-2026,Sankar Raj,Admin,,EXPIRED,11-03-2026,,,0,866,866
Seetharaman M,6383068008,Student Monthly,10-04-2026,Krishnaveni,Admin,,EXPIRED,11-03-2026,,,0,867,867
Nethra shai,8220615399,Student Monthly,07-08-2026,Ajay,Admin,,EXPIRED,09-07-2026,,,0,868,868
Ranjani Kannamma,7708587097,Yearly pack,14-03-2027,Kamesh,Admin,,ACTIVE,14-03-2026,,,0,869,869
Keerthana,8056351923,Monthly pack,13-04-2026,Kamesh,Admin,,EXPIRED,14-03-2026,,,0,870,870
Vignesh N,938511429,Student Monthly,16-04-2026,Madhan,Admin,,EXPIRED,17-03-2026,,,0,871,871
Ragul,6381804119,Monthly pack,03-09-2026,Ajay,Admin,,EXPIRED,14-08-2026,,,0,872,872
Dharun .M,9363959042,Student Monthly,14-09-2026,Ajay,Admin,,ACTIVE,15-08-2026,,,0,873,873
Murugan. S,9789926099,Monthly pack,18-04-2026,Kamesh,Admin,,EXPIRED,23-03-2026,,,0,874,874
Ajeeth kumar,8056859930,Monthly pack,16-07-2026,,Admin,,EXPIRED,16-06-2026,25-06-2026,26-06-2026,0,875,875
Rajesh Kannan,9092785888,6 Months pack,20-09-2026,Kamesh,Admin,,ACTIVE,24-03-2026,,,0,876,876
Porkala Kalyani .V,8248386810,Yearly pack,04-07-2027,,Admin,,ACTIVE,06-08-2026,,,0,877,877
Nova.J,8825865087,Student Monthly,17-07-2026,Ajay,Admin,,EXPIRED,17-06-2026,,,0,878,878
kannan .K,9842688038,Yearly pack,24-03-2027,Kamesh,Admin,,ACTIVE,24-03-2026,,,0,879,879
Darshinee.VV,9488706342,Student Monthly,23-04-2026,Kamesh,Admin,,EXPIRED,24-03-2026,,,0,880,880
Maha Lakshmi,6382361628,Student Monthly,26-04-2026,Kamesh,Admin,,EXPIRED,27-03-2026,,,0,881,881
Akshara,9789174997,Student Monthly,17-09-2026,Ajay,Admin,,ACTIVE,11-08-2026,,,0,882,882
Naveen kumar V,7418367562,Student Monthly,25-04-2026,Sankar Raj,Admin,,EXPIRED,01-04-2026,,,0,883,883
Vignesh P,9976834887,Student Monthly,25-04-2026,,Admin,,EXPIRED,01-04-2026,,,0,884,884
Rajesh kumar S,9944143255,2 Month,16-05-2026,Ajay,Admin,,EXPIRED,01-04-2026,,,0,885,885
Dheeraj S,8148425861,Student Monthly,01-05-2026,Kamesh,Admin,,EXPIRED,01-04-2026,,,0,886,886
Prakash D,7010410669,Student Monthly,02-08-2026,Ajay,Admin,,EXPIRED,18-07-2026,,,0,887,887
naveen raj,8015643430,Student Monthly,01-05-2026,Ajay,,,EXPIRED,01-04-2026,,,0,888,MBR00888
Kishore,8056453656,Student Monthly,02-05-2026,Ajay,Admin,,EXPIRED,02-04-2026,,,0,889,889
Sakthivel,9629989492,Student Monthly,03-05-2026,Ajay,Admin,,EXPIRED,14-04-2026,,,0,890,890
Suriya prakash,7604918428,Student Monthly,03-05-2026,Ajay,Admin,,EXPIRED,14-04-2026,,,0,891,891
shiva shree R S,8124310492,Student Monthly,04-05-2026,,Admin,,EXPIRED,14-04-2026,,,0,892,892
Madhan E,7695882156,Student Monthly,14-05-2026,Ajay,Admin,,EXPIRED,14-04-2026,,,0,893,893
Sugadev G,9360747981,Student Monthly,18-06-2026,,Admin,,EXPIRED,22-05-2026,,,0,894,894
Gunasekar,7396398303,Monthly pack,06-05-2026,,Admin,,EXPIRED,14-04-2026,,,0,895,895
Balaji N,9500661106,Yearly pack,07-04-2027,Ajay,Admin,,ACTIVE,14-04-2026,,,0,896,896
Akash p,6385698553,"Student Monthly
 Personal Training Monthly","14-06-2026
 07-05-2026",Ajay,Admin,,EXPIRED,"16-05-2026
 14-04-2026",,,"0.00
 0.00",897,897
Jothi lakshmi,8883334004,Monthly pack,11-07-2026,Priya,Admin,,EXPIRED,03-09-2026,,,0,898,898
Mari selvam,6374927607,Monthly pack,10-05-2026,Ajay,Admin,,EXPIRED,14-04-2026,,,0,899,899
Yebesh,8300834277,Student Monthly,13-05-2026,Ajay,Admin,,EXPIRED,14-04-2026,,,0,900,900
Manikam,8825898088,Monthly pack,16-07-2026,Madhan,Admin,,EXPIRED,16-06-2026,,,0,901,901
Pon shenbagaraj V,9894687263,Student Monthly,15-05-2026,Sankar Raj,Admin,,EXPIRED,20-04-2026,,,0,902,902
Kapilan M,8870545794,Student Monthly,16-05-2026,Ajay,Admin,,EXPIRED,20-04-2026,,,0,903,903
Mari selvam,6384527992,Student Monthly,15-06-2026,Sankar Raj,Admin,,EXPIRED,18-05-2026,,,0,904,904
Kesavan N S,8637654545,Monthly pack,18-05-2026,,Admin,,EXPIRED,20-04-2026,,,0,905,905
Prabhakaran,9789483925,Yearly pack,20-04-2027,Krishnaveni,Admin,,ACTIVE,20-04-2026,,,0,906,906
Venkatesh,9787833841,Monthly pack,20-05-2026,Madhan,Admin,,EXPIRED,20-04-2026,,,0,907,907
Pawan Krish Karthick S,8825571302,Student Monthly,20-05-2026,Madhan,Admin,,EXPIRED,20-04-2026,,,0,908,908
Saroja,9159790802,Yearly pack,20-04-2027,Ajay,Admin,,ACTIVE,20-04-2026,,,0,909,909
Subhashree S,8778050647,"3 months Pack
 Personal Training 3 months","14-08-2026
 15-07-2026","Krishnaveni
 Krishnaveni",Admin,,EXPIRED,"04-06-2026
 26-04-2026",,,"0.00
 0.00",910,910
Harish,9345376484,Monthly pack,22-05-2026,Sankar Raj,Admin,,EXPIRED,27-04-2026,,,0,911,911
Sudhakar,9361626744,Student Monthly,13-08-2026,,Admin,,EXPIRED,13-07-2026,,,0,912,912
Praveen kumar,8903515515,Student Monthly,24-05-2026,Ajay,Admin,,EXPIRED,27-04-2026,,,0,913,913
Nagajothi s,8825991354,Monthly pack,24-05-2026,,Admin,,EXPIRED,27-04-2026,,,0,914,914
Sanjay kumar R S,9566217715,Student Monthly,25-05-2026,Ajay,Admin,,EXPIRED,27-04-2026,,,0,915,915
Vishwa kumar,9600330789,Monthly pack,25-05-2026,Ajay,Admin,,EXPIRED,27-04-2026,,,0,916,916
Dinesh,9500537337,3 months Pack,24-07-2026,Sankar Raj,Admin,,EXPIRED,27-04-2026,,,0,917,917
Sankar S,9629991466,Monthly pack,02-07-2026,Ajay,Admin,,EXPIRED,03-06-2026,,,0,918,918
Bhavan shankar k,7904017218,Student Monthly,26-05-2026,Krishnaveni,Admin,,EXPIRED,27-04-2026,,,0,919,919
Sriram KM,8681089024,Monthly pack,28-05-2026,Krishnaveni,Admin,,EXPIRED,28-04-2026,,,0,920,920
Marivasanth,7092464670,Student Monthly,31-05-2026,Krishnaveni,Admin,,EXPIRED,02-05-2026,,,0,921,921
Mathumitha,8056519864,Student Monthly,31-05-2026,Krishnaveni,Admin,,EXPIRED,02-05-2026,,,0,922,922
Vishnu varadha,6381541341,Student Monthly,01-06-2026,Krishnaveni,Admin,,EXPIRED,05-05-2026,,,0,923,923
Vasantha ragavan,9080089308,Monthly pack,03-06-2026,Ajay,Admin,,EXPIRED,05-05-2026,,,0,924,924
Aarthi,7305536218,Student Monthly,15-08-2026,Ajay,Admin,,EXPIRED,10-08-2026,,,0,925,925
Vidarth,8903040854,Student Monthly,03-06-2026,Ajay,Admin,,EXPIRED,05-05-2026,,,0,926,926
Sidhartha nagula,9566320868,Student Monthly,03-06-2026,Ajay,Admin,,EXPIRED,05-05-2026,,,0,927,927
Nekha sri,9159596145,"Student Monthly
 Personal Training Monthly","03-06-2026
 03-06-2026","Ajay
 Ajay",Admin,,EXPIRED,"05-05-2026
 05-05-2026",,,"0.00
 0.00",928,928
Venkattammal,9787079419,"Monthly pack
 Personal Training Monthly","04-06-2026
 05-06-2026","Krishnaveni
 Krishnaveni",Admin,,EXPIRED,"05-05-2026
 06-05-2026",,,"0.00
 0.00",929,929
Lakshmi,7695997020,Student Monthly,04-06-2026,Krishnaveni,Admin,,EXPIRED,05-05-2026,,,0,930,930
Harish M,8438193657,Student Monthly,05-06-2026,Ajay,Admin,,EXPIRED,06-05-2026,,,0,931,931
krithick,6385445375,Student Monthly,06-06-2026,Sankar Raj,Admin,,EXPIRED,11-05-2026,,,0,932,932
vijiyalakshmi K,9655010695,Monthly pack,06-06-2026,Sankar Raj,Admin,,EXPIRED,11-05-2026,,,0,933,933
Muneeswaran S,9894219881,Monthly pack,10-06-2026,Krishnaveni,Admin,,EXPIRED,11-05-2026,,,0,934,934
Bavan,9994025998,Student Monthly,11-06-2026,Ajay,Admin,,EXPIRED,13-05-2026,,,0,935,935
Archana,8248889725,Monthly pack,12-06-2026,Sankar Raj,Admin,,EXPIRED,16-05-2026,,,0,936,936
Dev Krishna,8870668367,Student Monthly,14-06-2026,Pavi,Admin,,EXPIRED,16-05-2026,,,0,937,937
midhun duass,9363926322,Student Monthly,17-06-2026,Krishnaveni,Admin,,EXPIRED,18-05-2026,,,0,938,938
Goutham siva,7845471371,Student Monthly,18-07-2026,Sankar Raj,Admin,,EXPIRED,19-07-2026,,,0,939,939
meenakshi sundaram CAG hockey team,9444231792,Daily package(20 members)),25-05-2026,Pavi,Admin,,EXPIRED,24-05-2026,,,0,940,940
prithive sanjay,6369144298,Student Monthly,18-06-2026,Sankar Raj,Admin,,EXPIRED,24-05-2026,,,0,941,941
nagarajan,8220694629,Student Monthly,19-06-2026,Ajay,Admin,,EXPIRED,24-05-2026,,,0,942,942
Nethra,9791231577,Student Monthly,21-06-2026,,Admin,,EXPIRED,24-05-2026,,,0,943,943
saran kumar,9360238066,3 months Pack,28-08-2026,Krishnaveni,Admin,,EXPIRED,03-06-2026,,,0,944,944
saranya,8807795553,Monthly pack,30-08-2026,Priya,Admin,,EXPIRED,24-08-2026,30-08-2026,31-08-2026,0,945,945
G.Aarthi,9994026276,Monthly pack,31-08-2026,Priya,Admin,,EXPIRED,24-08-2026,,,0,946,946
larance francis,8754858216,Student Monthly,01-08-2026,Madhan,Admin,,EXPIRED,03-07-2026,,,0,947,947
Shravana raja,9176347345,Student Monthly,17-08-2026,Madhan,Admin,,EXPIRED,17-07-2026,,,0,948,948
Naga arjun,9788974012,,,,Admin,,EXPIRED,,,,,949,949
Surya pandi,8508980987,Student Monthly,02-07-2026,Ajay,Admin,,EXPIRED,03-06-2026,,,0,951,951
Gokul,9843753577,Student Monthly,02-07-2026,Ajay,Admin,,EXPIRED,03-06-2026,,,0,952,952
Indhumathi,6380016661,Monthly pack,01-08-2026,Ajay,Admin,,EXPIRED,14-07-2026,,,0,953,953
Gala kumar,8595433851,Student Monthly,04-07-2026,Ajay,Admin,,EXPIRED,04-06-2026,,,0,954,954
poornima kumari,7482070411,Student Monthly,03-08-2026,,Admin,,EXPIRED,13-07-2026,,,0,955,955
suriya,8610795643,Monthly pack,03-07-2026,Pavi,Admin,,EXPIRED,04-06-2026,,,0,956,956
manu saila vasau,9042475915,Student Monthly,04-07-2026,Pavi,Admin,,EXPIRED,04-06-2026,,,0,957,957
p.madasamy,9360074977,Student 2 month,01-08-2026,Pavi,Admin,,EXPIRED,04-06-2026,,,0,958,958
ligashvel,8825902998,Student Monthly,04-07-2026,Pavi,Admin,,EXPIRED,05-06-2026,,,0,959,959
c.rengalakshmi,9724244049,Monthly pack,04-07-2026,Ajay,Admin,,EXPIRED,05-06-2026,,,0,960,960
Ragu ram,8220705738,Monthly pack,05-07-2026,Ajay,Admin,,EXPIRED,05-06-2026,,,0,961,961
Niranjana,9751908186,Yearly pack,09-06-2027,,Admin,,ACTIVE,05-07-2026,,,0,962,962
kali raj,9003938331,Monthly pack,11-07-2026,Sankar Raj,Admin,,EXPIRED,13-06-2026,,,0,963,963
subesh,908092430,Monthly pack,09-07-2026,Madhan,Admin,,EXPIRED,13-06-2026,,,0,964,964
siva balaji,9791911013,2 Month,31-07-2026,Sankar Raj,Admin,,EXPIRED,13-06-2026,,,0,965,965
Vishnu priya,9080791505,Monthly pack,11-07-2026,,Admin,,EXPIRED,13-06-2026,,,0,966,966
chanackiah,9003563480,3 months Pack,09-09-2026,Ajay,Admin,,EXPIRED,13-06-2026,,,0,967,967
Goshi kumar,7845363480,3 months Pack,11-09-2026,Madhan,Admin,,EXPIRED,13-06-2026,,,0,968,968
matheswaran,9080558431,Student Monthly,09-07-2026,Madhan,Admin,,EXPIRED,13-06-2026,,,0,969,969
saravanan r,8220421311,Monthly pack,08-07-2026,Madhan,Admin,,EXPIRED,13-06-2026,,,0,970,970
Krishna raj,7010788152,Monthly pack,09-07-2026,,Admin,,EXPIRED,13-06-2026,,,0,971,971
ganeshan,9790196588,Monthly pack,07-08-2026,Ajay,Admin,,EXPIRED,07-08-2026,,,0,972,972
KATHIKEYAN,8778231577,Student Monthly,09-07-2026,Madhan,Admin,,EXPIRED,15-06-2026,,,0,973,973
Mukunth krishna,7200265110,Monthly pack,16-07-2026,,Admin,,EXPIRED,16-06-2026,,,0,975,974
Venkatesh ramasamy,8870399036,Monthly pack,17-07-2026,,Admin,,EXPIRED,18-06-2026,,,0,976,976
sri soundary,6379282019,Monthly pack,17-07-2026,Priya,Admin,,EXPIRED,18-06-2026,,,0,977,977
jeyanthan,8838609967,Monthly pack,19-07-2026,Ajay,Admin,,EXPIRED,20-06-2026,,,0,978,978
Azees Mandan,883709691,Student Monthly,18-08-2026,,Admin,,EXPIRED,30-07-2026,,,0,979,979
Pandi devi,6381150205,Monthly + pt,08-07-2026,,Admin,,EXPIRED,20-06-2026,,,0,980,980
Veera Pandi,9342726181,Student Monthly,31-01-1970,Ajay,Admin,,EXPIRED,26-08-2026,,,0,981,981
Shivesh,7604894173,Student Monthly,05-07-2026,,Admin,,EXPIRED,20-06-2026,,,0,982,982
Kaviya lakshmi,8072728563,Student Monthly,05-09-2026,,Admin,,EXPIRED,26-08-2026,,,0,983,983
Sri ganesh,6379742255,Student Monthly,22-07-2026,Ajay,Admin,,EXPIRED,22-06-2026,,,0,984,984
Kaviya akshaya,9361226606,Monthly pack,22-07-2026,,Admin,,EXPIRED,22-06-2026,,,0,985,985
Mohan r m,7338778828,,,,,,EXPIRED,,,,,986,MBR00986
Rahul k,6383684227,3 months Pack,21-09-2026,Ajay,Admin,,ACTIVE,24-06-2026,,,0,987,987
Jijesh S,9790019809,Monthly pack,24-07-2026,,Admin,,EXPIRED,24-06-2026,,,0,988,988
Harishma s,9940871211,Monthly pack,24-07-2026,,Admin,,EXPIRED,24-06-2026,,,0,989,989
Santhosh Ram .GS,9500198580,Monthly + pt,24-07-2026,Ajay,Admin,,EXPIRED,25-06-2026,,,0,990,990
Jamuna shree g,9444501877,Monthly + pt,24-07-2026,,Admin,,EXPIRED,25-06-2026,,,0,991,991
Raja rajeswari,9025984103,Yearly pack,03-06-2027,Priya,,,EXPIRED,30-06-2026,,,0,992,MBR00992
Sanjeevi,7305999170,Student Monthly,31-07-2026,Ajay,Admin,,EXPIRED,02-07-2026,,,0,993,993
Murali vijay,9043069611,Student Monthly,30-08-2026,Ajay,Admin,,EXPIRED,25-08-2026,30-08-2026,31-08-2026,0,994,994
Shalini gowsik,9791422253,Monthly pack,01-08-2026,,Admin,,EXPIRED,02-07-2026,,,0,995,995
Pragathambal,9626718149,Monthly pack,31-08-2026,,Admin,,EXPIRED,10-08-2026,,,0,996,996
Sathya kumar,8807564456,Monthly pack,31-07-2026,Sankar Raj,Admin,,EXPIRED,03-07-2026,,,0,997,997
Sankara Ganesh,7418395004,Student Monthly,04-08-2026,Ajay,Admin,,EXPIRED,04-07-2026,,,0,998,998
Muneeswaran K,9629535301,Student Monthly,01-08-2026,Madhan,Admin,,EXPIRED,06-07-2026,,,0,999,999
Krishna Kuma,9342278377,Monthly pack,06-09-2026,Madhan,Admin,,EXPIRED,24-08-2026,,,0,1000,1000
Venkatesh,7373009946,Monthly pack,31-01-1970,,Admin,,EXPIRED,09-09-2026,,,0,1001,1001
Vinoth Kanna,9561953453,Student Monthly,06-09-2026,Madhan,Admin,,EXPIRED,07-08-2026,,,0,1002,1002
Raj Kumar,9087519605,3 months Pack,04-10-2026,Ajay,Admin,,ACTIVE,09-07-2026,,,0,1003,1003
Gomathi Nayaki,9943443090,Monthly pack,08-08-2026,,Admin,,EXPIRED,09-07-2026,,,0,1004,1004
Valli Selvi,9486892714,Monthly pack,08-08-2026,,Admin,,EXPIRED,09-07-2026,,,0,1005,1005
Arun Kumar,8807314818,Monthly pack,09-08-2026,,Admin,,EXPIRED,10-07-2026,,,0,1006,1006
Sowmya,6374607216,Monthly pack,12-08-2026,Priya,,,EXPIRED,13-07-2026,,,0,1007,MBR001007
Krishna priya,7550108345,Monthly pack,13-08-2026,,Admin,,EXPIRED,14-07-2026,,,0,1008,1008
Sathya,9597908334,Monthly pack,02-09-2026,Priya,Admin,,EXPIRED,10-08-2026,,,0,1009,1009
Bavan,9360260899,Student Monthly,15-08-2026,Ajay,Admin,,EXPIRED,16-07-2026,,,0,1010,1010
Deepa,8870467704,Monthly pack,16-08-2026,Priya,Admin,,EXPIRED,17-07-2026,,,0,1011,1011
Ajay,9665617806,Student Monthly,16-08-2026,Madhan,Admin,,EXPIRED,17-07-2026,,,0,1012,1012
Bala,9629215143,Yearly pack,18-07-2027,,Admin,,ACTIVE,18-07-2026,,,0,1013,1013
Harvey prasad,9940060683,Student Monthly,17-09-2026,Ajay,Admin,,ACTIVE,19-08-2026,,,0,1014,1014
Saliha,9486501060,Student Monthly,21-08-2026,Ajay,Admin,,EXPIRED,22-07-2026,,,0,1015,1015
Syed,6383765880,Student Monthly,21-08-2026,Ajay,Admin,,EXPIRED,22-07-2026,,,0,1016,1016
Lishanth kumar,6384084452,Student Monthly,08-08-2026,,Admin,,EXPIRED,09-07-2026,,,0,1017,1017
Prabhakar,9791907301,Monthly pack,23-08-2026,Ajay,Admin,,EXPIRED,24-07-2026,,,0,1018,1018
Manikandan,9994228518,Monthly pack,23-08-2026,Ajay,Admin,,EXPIRED,24-07-2026,,,0,1019,1019
PonSelvam,8300743289,Student Monthly,24-08-2026,Ajay,Admin,,EXPIRED,25-07-2026,,,0,1020,1020
Siji,9671208222,Monthly pack,30-07-2026,,Admin,,EXPIRED,30-06-2026,,,0,1021,1021
Rathina samy,9994102905,Monthly pack,30-07-2026,,Admin,,EXPIRED,30-06-2026,,,0,1022,1022
Vasuki,7339031290,Monthly pack,28-08-2026,,Admin,,EXPIRED,29-07-2026,,,0,1023,1023
Ravi,9629392749,Monthly pack,28-08-2026,,Admin,,EXPIRED,29-07-2026,,,0,1024,1024
Meenakshmi,8754258189,Monthly pack,28-08-2026,,Admin,,EXPIRED,29-07-2026,,,0,1025,1025
Muthu selvi,9791226562,Monthly pack,31-08-2026,,,,EXPIRED,06-08-2026,,,0,1026,MBR001026
Thavasi Pandiyan,9894513830,Student Monthly,02-09-2026,Sankar Raj,Admin,,EXPIRED,06-08-2026,,,0,1027,1027
Sai KanagaVel,8807169387,Monthly pack,02-09-2026,Sankar Raj,Admin,,EXPIRED,06-08-2026,,,0,1028,1028
Thetchina Moorthy,8248333393,Monthly pack,31-08-2026,Ajay,Admin,,EXPIRED,06-08-2026,,,0,1029,1029
S.B.Shreedhar,9952582702,Student Monthly,02-09-2026,Sankar Raj,Admin,,ACTIVE,06-08-2026,,,0,1030,1030
Shivesh,7904274211,,,,,,EXPIRED,,,,,1031,MBR001031
Harini,7550011740,"Student Monthly
 Personal Training Monthly","07-09-2026
 19-09-2026","Priya
 Madhan",,,ACTIVE,"20-08-2026
 20-08-2026",,,"0.00
 0.00",1032,MBR001032
Rathika,9047767869,Monthly pack,09-09-2026,,Admin,,EXPIRED,10-08-2026,,,0,1033,1033
Nethra,9600592010,Student Monthly,11-09-2026,,Admin,,EXPIRED,12-08-2026,,,0,1034,1034
Prinithaa,7373595986,Student Monthly,18-09-2026,,,,ACTIVE,14-08-2026,,,0,1035,MBR001035
Thiru Moorthi,7431536677,Monthly pack,16-09-2026,Sankar Raj,Admin,,ACTIVE,17-08-2026,,,0,1037,1037
Praveen,8610146629,Monthly pack,17-09-2026,Ajay,Admin,,ACTIVE,18-08-2026,,,0,1038,1038
Rathna,9003649485,Monthly pack,18-09-2026,Priya,Admin,,ACTIVE,19-08-2026,,,0,1039,1039
Maheswari,9176008402,Student Monthly,18-09-2026,Priya,Admin,,ACTIVE,19-08-2026,,,0,1040,1040
Anu priya,9940950462,Monthly pack,18-09-2026,,Admin,,ACTIVE,19-08-2026,,,0,1041,1041
Jayakumar,8675018309,Monthly pack,19-09-2026,Ajay,Admin,,ACTIVE,20-08-2026,,,0,1042,1042
Mareshwaran,8489597641,Monthly pack,19-09-2026,Madhan,Admin,,ACTIVE,20-08-2026,,,0,1043,1043
Praveen Kumar,8825659361,Monthly pack,19-09-2026,Madhan,Admin,,ACTIVE,20-08-2026,,,0,1044,1044
Gopinath,6380913844,Monthly pack,19-09-2026,Madhan,Admin,,ACTIVE,20-08-2026,,,0,1045,1045
Prabu J,7871143336,Student Monthly,19-09-2026,Ajay,Admin,,ACTIVE,21-08-2026,,,0,1046,1046
Safwan,7538863927,Monthly pack,20-09-2026,Madhan,Admin,,ACTIVE,21-08-2026,,,0,1047,1047
singa durai,7397677358,Monthly pack,20-09-2026,,Admin,,ACTIVE,21-08-2026,,,0,1048,1048
Ramesh,8056533534,Monthly pack,21-09-2026,Ajay,Admin,,ACTIVE,22-08-2026,,,0,1049,1049
Balan,9500285896,Student Monthly,21-09-2026,Ajay,Admin,,ACTIVE,22-08-2026,,,0,1050,1050
Pradyum,9944584665,Monthly pack,23-09-2026,,Admin,,ACTIVE,24-08-2026,,,0,1051,1051
Kaleeswari,9952504748,Monthly pack,23-09-2026,Priya,Admin,,ACTIVE,24-08-2026,,,0,1052,1052
Romero,9894807993,Monthly pack,24-09-2026,Ajay,Admin,,ACTIVE,25-08-2026,,,0,1053,1053
Srivanth,9042688670,Student Monthly,24-09-2026,Ajay,Admin,,ACTIVE,25-08-2026,,,0,1054,1054
Richard,9597905097,Yearly pack,26-08-2027,,Admin,,ACTIVE,26-08-2026,,,0,1055,1055
Karan Kumar,6379449228,3 months Pack,24-11-2026,Sankar Raj,Admin,,ACTIVE,26-08-2026,,,0,1056,1056
Praveen,9566678058,Monthly pack,25-09-2026,,Admin,,ACTIVE,26-08-2026,,,0,1057,1057
Manikanda prabhu,8870542159,Student Monthly,26-09-2026,Ajay,Admin,,ACTIVE,27-08-2026,,,0,1058,1058
Dona vivetha,7397659403,Monthly pack,30-09-2026,Priya,,,ACTIVE,31-08-2026,,,0,1059,MBR001059
J .Mathan,8637476291,Student Monthly,01-10-2026,Sankar Raj,Admin,,ACTIVE,01-09-2026,,,0,1060,1060
Sriram,8825550792,Yearly pack,01-09-2027,Sankar Raj,Admin,,ACTIVE,01-09-2026,,,0,1061,1061
ArunKumar,9384457215,Monthly pack,01-10-2026,Sankar Raj,Admin,,ACTIVE,01-09-2026,,,0,1062,1062
Karuppasamy,7339142862,Yearly pack,02-09-2027,Madhan,Admin,,ACTIVE,02-09-2026,,,0,1063,1063
Vetri vel,8610527386,Yearly pack,02-09-2027,Madhan,Admin,,ACTIVE,02-09-2026,,,0,1064,1064
Karuna Karan,7358837613,Student Monthly,02-10-2026,Ajay,Admin,,ACTIVE,02-09-2026,,,0,1065,1065
Guru Prasanth,9790099070,Monthly pack,02-10-2026,Madhan,Admin,,ACTIVE,02-09-2026,,,0,1066,1066
Jaya karthik,9600440108,Monthly pack,02-10-2026,,Admin,,ACTIVE,02-09-2026,,,0,1067,1067
Rajesh,9941391101,Monthly pack,03-10-2026,Ajay,Admin,,ACTIVE,03-09-2026,,,0,1068,1068
Dharun,8778285642,Monthly pack,03-10-2026,Ajay,Admin,,ACTIVE,03-09-2026,,,0,1069,1069
Karthick,9787111420,Yearly pack,05-09-2027,Madhan,Admin,,ACTIVE,05-09-2026,,,0,1070,1070
Raja Durai,9042477208,Monthly pack,08-10-2026,Ajay,Admin,,ACTIVE,08-09-2026,,,0,1071,1071
Kali Raj,9600684496,Monthly pack,08-10-2026,Ajay,Admin,,ACTIVE,08-09-2026,,,0,1072,1072
Sankara Pandiyan,9597389853,Monthly pack,08-10-2026,,Admin,,ACTIVE,08-09-2026,,,0,1073,1073
Shudharan,8072161162,Student Monthly,08-10-2026,Madhan,Admin,,ACTIVE,08-09-2026,,,0,1074,1074
Dihesh kumar,9080431310,Student Monthly,09-10-2026,,Admin,,ACTIVE,09-09-2026,,,0,1075,1075
Raja sekar,9994364981,Monthly pack,09-10-2026,Madhan,Admin,,ACTIVE,09-09-2026,,,0,1076,1076
Jeeva Bharath,7904331865,Student Monthly,10-10-2026,Ajay,Admin,,ACTIVE,10-09-2026,,,0,1077,1077
Praveen Kumar,6381870601,Student Monthly,12-10-2026,,,,ACTIVE,12-09-2026,,,0,1078,MBR001078
Arunjeyaraj,7810057707,Student 2 month,08-11-2026,,Admin,,ACTIVE,11-09-2026,,,0,1079,1079
K Arvind,7358440035,Monthly pack,13-10-2026,Sankar Raj,Admin,,ACTIVE,13-09-2026,,,0,1080,1080
Total,,,,,,,,,,,375845,,